SexPosID,ExcitementLevel,LabelName,VoiceType,VoiceType2,LabelGroupID,,,,
1,0,*激しさ１秘部弄り,Piston,,1,,,,
1,1,*激しさ１秘部弄り,Piston,,1,,,,
1,2,*激しさ２秘部弄り,Piston,,1,,,,
1,3,*激しさ３秘部弄り,Piston,,1,,,,
2,0,*激しさ１,Piston,,2,,,,
2,1,*激しさ１,Piston,,2,,,,
2,2,*激しさ２,Piston,,2,,,,
2,3,*激しさ３,Piston,,2,,,,
2,0,*激しさ１キス,Kiss,,3,,,,
2,1,*激しさ１キス,Kiss,,3,,,,
2,2,*激しさ２キス,Kiss,,3,,,,
2,3,*激しさ３キス,Kiss,,3,,,,
2,0,*激しさ１胸揉み,Piston,,4,,,,
2,1,*激しさ１胸揉み,Piston,,4,,,,
2,2,*激しさ２胸揉み,Piston,,4,,,,
2,3,*激しさ３胸揉み,Piston,,4,,,,
3,0,*激しさ１,Piston,,5,,,,
3,1,*激しさ１,Piston,,5,,,,
3,2,*激しさ２,Piston,,5,,,,
3,3,*激しさ３,Piston,,5,,,,
3,0,*激しさ１キス,Kiss,,6,,,,
3,1,*激しさ１キス,Kiss,,6,,,,
3,2,*激しさ２キス,Kiss,,6,,,,
3,3,*激しさ３キス,Kiss,,6,,,,
3,0,*激しさ１胸揉み,Piston,,7,,,,
3,1,*激しさ１胸揉み,Piston,,7,,,,
3,2,*激しさ２胸揉み,Piston,,7,,,,
3,3,*激しさ３胸揉み,Piston,,7,,,,
4,0,*激しさ１,Piston,,8,,,,
4,1,*激しさ１,Piston,,8,,,,
4,2,*激しさ２,Piston,,8,,,,
4,3,*激しさ３,Piston,,8,,,,
4,0,*激しさ１胸揉み,Piston,,9,,,,
4,1,*激しさ１胸揉み,Piston,,9,,,,
4,2,*激しさ２胸揉み,Piston,,9,,,,
4,3,*激しさ３胸揉み,Piston,,9,,,,
5,0,*激しさ１,Piston,,10,,,,
5,1,*激しさ１,Piston,,10,,,,
5,2,*激しさ２,Piston,,10,,,,
5,3,*激しさ３,Piston,,10,,,,
5,0,*激しさ１胸揉み,Piston,,11,,,,
5,1,*激しさ１胸揉み,Piston,,11,,,,
5,2,*激しさ２胸揉み,Piston,,11,,,,
5,3,*激しさ３胸揉み,Piston,,11,,,,
6,0,*激しさ１,Piston,,12,,,,
6,1,*激しさ１,Piston,,12,,,,
6,2,*激しさ２,Piston,,12,,,,
6,3,*激しさ３,Piston,,12,,,,
6,0,*激しさ１キス,Kiss,,13,,,,
6,1,*激しさ１キス,Kiss,,13,,,,
6,2,*激しさ２キス,Kiss,,13,,,,
6,3,*激しさ３キス,Kiss,,13,,,,
6,0,*激しさ１胸揉み,Piston,,14,,,,
6,1,*激しさ１胸揉み,Piston,,14,,,,
6,2,*激しさ２胸揉み,Piston,,14,,,,
6,3,*激しさ３胸揉み,Piston,,14,,,,
7,0,*激しさ１,Piston,,15,,,,
7,1,*激しさ１,Piston,,15,,,,
7,2,*激しさ２,Piston,,15,,,,
7,3,*激しさ３,Piston,,15,,,,
7,0,*激しさ１キス,Kiss,,16,,,,
7,1,*激しさ１キス,Kiss,,16,,,,
7,2,*激しさ２キス,Kiss,,16,,,,
7,3,*激しさ３キス,Kiss,,16,,,,
7,0,*激しさ１胸揉み,Piston,,17,,,,
7,1,*激しさ１胸揉み,Piston,,17,,,,
7,2,*激しさ２胸揉み,Piston,,17,,,,
7,3,*激しさ３胸揉み,Piston,,17,,,,
8,0,*抱き付き激しさ１,Piston,,18,,,,
8,1,*抱き付き激しさ１,Piston,,18,,,,
8,2,*抱き付き激しさ２,Piston,,18,,,,
8,3,*抱き付き激しさ３,Piston,,18,,,,
8,0,*抱き付き激しさ１キス,Kiss,,19,,,,
8,1,*抱き付き激しさ１キス,Kiss,,19,,,,
8,2,*抱き付き激しさ２キス,Kiss,,19,,,,
8,3,*抱き付き激しさ３キス,Kiss,,19,,,,
8,0,*激しさ１胸揉み,Piston,,20,,,,
8,1,*激しさ１胸揉み,Piston,,20,,,,
8,2,*激しさ２胸揉み,Piston,,20,,,,
8,3,*激しさ３胸揉み,Piston,,20,,,,
9,0,*抱き付き激しさ１,Piston,,21,,,,
9,1,*抱き付き激しさ１,Piston,,21,,,,
9,2,*抱き付き激しさ２,Piston,,21,,,,
9,3,*抱き付き激しさ３,Piston,,21,,,,
9,0,*抱き付き激しさ１キス,Kiss,,22,,,,
9,1,*抱き付き激しさ１キス,Kiss,,22,,,,
9,2,*抱き付き激しさ２キス,Kiss,,22,,,,
9,3,*抱き付き激しさ３キス,Kiss,,22,,,,
9,0,*激しさ１胸揉み,Piston,,23,,,,
9,1,*激しさ１胸揉み,Piston,,23,,,,
9,2,*激しさ２胸揉み,Piston,,23,,,,
9,3,*激しさ３胸揉み,Piston,,23,,,,
10,0,*激しさ１抱き付き,Piston,,24,,,,
10,1,*激しさ１抱き付き,Piston,,24,,,,
10,2,*激しさ２抱き付き,Piston,,24,,,,
10,3,*激しさ３抱き付き,Piston,,24,,,,
10,0,*激しさ１胸揉み,Piston,,25,,,,
10,1,*激しさ１胸揉み,Piston,,25,,,,
10,2,*激しさ２胸揉み,Piston,,25,,,,
10,3,*激しさ３胸揉み,Piston,,25,,,,
11,0,*激しさ１抱き付き,Piston,,26,,,,
11,1,*激しさ１抱き付き,Piston,,26,,,,
11,2,*激しさ２抱き付き,Piston,,26,,,,
11,3,*激しさ３抱き付き,Piston,,26,,,,
11,0,*激しさ１胸揉み,Piston,,27,,,,
11,1,*激しさ１胸揉み,Piston,,27,,,,
11,2,*激しさ２胸揉み,Piston,,27,,,,
11,3,*激しさ３胸揉み,Piston,,27,,,,
12,0,*激しさ１グラインド,Piston,,28,,,,
12,1,*激しさ１グラインド,Piston,,28,,,,
12,2,*激しさ２グラインド,Piston,,28,,,,
12,3,*激しさ３グラインド,Piston,,28,,,,
12,0,*激しさ１キス,Kiss,,29,,,,
12,1,*激しさ１キス,Kiss,,29,,,,
12,2,*激しさ２キス,Kiss,,29,,,,
12,3,*激しさ３キス,Kiss,,29,,,,
12,0,*激しさ１胸揉み２,Piston,,30,,,,
12,1,*激しさ１胸揉み２,Piston,,30,,,,
12,2,*激しさ２胸揉み２,Piston,,30,,,,
12,3,*激しさ３胸揉み２,Piston,,30,,,,
13,0,*激しさ１グラインド,Piston,,31,,,,
13,1,*激しさ１グラインド,Piston,,31,,,,
13,2,*激しさ２グラインド,Piston,,31,,,,
13,3,*激しさ３グラインド,Piston,,31,,,,
13,0,*激しさ１キス,Kiss,,32,,,,
13,1,*激しさ１キス,Kiss,,32,,,,
13,2,*激しさ２キス,Kiss,,32,,,,
13,3,*激しさ３キス,Kiss,,32,,,,
13,0,*激しさ１胸揉み２,Piston,,33,,,,
13,1,*激しさ１胸揉み２,Piston,,33,,,,
13,2,*激しさ２胸揉み２,Piston,,33,,,,
13,3,*激しさ３胸揉み２,Piston,,33,,,,
14,0,*激しさ１,Piston,,34,,,,
14,1,*激しさ１,Piston,,34,,,,
14,2,*激しさ２,Piston,,34,,,,
14,3,*激しさ３,Piston,,34,,,,
14,0,*激しさ１キス,Kiss,,35,,,,
14,1,*激しさ１キス,Kiss,,35,,,,
14,2,*激しさ２キス,Kiss,,35,,,,
14,3,*激しさ３キス,Kiss,,35,,,,
14,0,*激しさ１胸揉み,Piston,,36,,,,
14,1,*激しさ１胸揉み,Piston,,36,,,,
14,2,*激しさ２胸揉み,Piston,,36,,,,
14,3,*激しさ３胸揉み,Piston,,36,,,,
15,0,*激しさ１,Piston,,37,,,,
15,1,*激しさ１,Piston,,37,,,,
15,2,*激しさ２,Piston,,37,,,,
15,3,*激しさ３,Piston,,37,,,,
15,0,*激しさ１キス,Kiss,,38,,,,
15,1,*激しさ１キス,Kiss,,38,,,,
15,2,*激しさ２キス,Kiss,,38,,,,
15,3,*激しさ３キス,Kiss,,38,,,,
15,0,*激しさ１胸揉み,Piston,,39,,,,
15,1,*激しさ１胸揉み,Piston,,39,,,,
15,2,*激しさ２胸揉み,Piston,,39,,,,
15,3,*激しさ３胸揉み,Piston,,39,,,,
16,0,*激しさ１,Pain,,40,,,,
16,1,*激しさ１,Pain,,40,,,,
16,2,*激しさ２,Pain,,40,,,,
16,3,*激しさ３,Pain,,40,,,,
17,0,*激しさ１,Pain,,41,,,,
17,1,*激しさ１,Pain,,41,,,,
17,2,*激しさ２,Pain,,41,,,,
17,3,*激しさ３,Pain,,41,,,,
18,0,*激しさ１,Piston,,42,,,,
18,1,*激しさ１,Piston,,42,,,,
18,2,*激しさ２,Piston,,42,,,,
18,3,*激しさ３,Piston,,42,,,,
19,0,*激しさ１,Piston,,43,,,,
19,1,*激しさ１,Piston,,43,,,,
19,2,*激しさ２,Piston,,43,,,,
19,3,*激しさ３,Piston,,43,,,,
20,0,*激しさ１,Piston,,44,,,,
20,1,*激しさ１,Piston,,44,,,,
20,2,*激しさ２,Piston,,44,,,,
20,3,*激しさ３,Piston,,44,,,,
20,0,*激しさ１胸揉み,Piston,,45,,,,
20,1,*激しさ１胸揉み,Piston,,45,,,,
20,2,*激しさ２胸揉み,Piston,,45,,,,
20,3,*激しさ３胸揉み,Piston,,45,,,,
21,0,*激しさ１,Piston,,46,,,,
21,1,*激しさ１,Piston,,46,,,,
21,2,*激しさ２,Piston,,46,,,,
21,3,*激しさ３,Piston,,46,,,,
21,0,*激しさ１胸揉み,Piston,,47,,,,
21,1,*激しさ１胸揉み,Piston,,47,,,,
21,2,*激しさ２胸揉み,Piston,,47,,,,
21,3,*激しさ３胸揉み,Piston,,47,,,,
22,0,*激しさ１,Piston,,48,,,,
22,1,*激しさ１,Piston,,48,,,,
22,2,*激しさ２,Piston,,48,,,,
22,3,*激しさ３,Piston,,48,,,,
23,0,*激しさ１,Piston,,49,,,,
23,1,*激しさ１,Piston,,49,,,,
23,2,*激しさ２,Piston,,49,,,,
23,3,*激しさ３,Piston,,49,,,,
24,0,*激しさ１,Piston,,50,,,,
24,1,*激しさ１,Piston,,50,,,,
24,2,*激しさ２,Piston,,50,,,,
24,3,*激しさ３,Piston,,50,,,,
25,0,*激しさ１,Piston,,51,,,,
25,1,*激しさ１,Piston,,51,,,,
25,2,*激しさ２,Piston,,51,,,,
25,3,*激しさ３,Piston,,51,,,,
26,0,*激しさ１,Piston,,52,,,,
26,1,*激しさ１,Piston,,52,,,,
26,2,*激しさ２,Piston,,52,,,,
26,3,*激しさ３,Piston,,52,,,,
26,0,*激しさ１キス,Kiss,,53,,,,
26,1,*激しさ１キス,Kiss,,53,,,,
26,2,*激しさ２キス,Kiss,,53,,,,
26,3,*激しさ３キス,Kiss,,53,,,,
26,0,*激しさ１胸揉み,Piston,,54,,,,
26,1,*激しさ１胸揉み,Piston,,54,,,,
26,2,*激しさ２胸揉み,Piston,,54,,,,
26,3,*激しさ３胸揉み,Piston,,54,,,,
27,0,*激しさ１,Piston,,55,,,,
27,1,*激しさ１,Piston,,55,,,,
27,2,*激しさ２,Piston,,55,,,,
27,3,*激しさ３,Piston,,55,,,,
27,0,*激しさ１キス,Kiss,,56,,,,
27,1,*激しさ１キス,Kiss,,56,,,,
27,2,*激しさ２キス,Kiss,,56,,,,
27,3,*激しさ３キス,Kiss,,56,,,,
27,0,*激しさ１胸揉み,Piston,,57,,,,
27,1,*激しさ１胸揉み,Piston,,57,,,,
27,2,*激しさ２胸揉み,Piston,,57,,,,
27,3,*激しさ３胸揉み,Piston,,57,,,,
28,0,*激しさ１,Piston,,58,,,,
28,1,*激しさ１,Piston,,58,,,,
28,2,*激しさ２,Piston,,58,,,,
28,3,*激しさ３,Piston,,58,,,,
28,0,*激しさ１胸揉み,Piston,,59,,,,
28,1,*激しさ１胸揉み,Piston,,59,,,,
28,2,*激しさ２胸揉み,Piston,,59,,,,
28,3,*激しさ３胸揉み,Piston,,59,,,,
29,0,*激しさ１,Piston,,60,,,,
29,1,*激しさ１,Piston,,60,,,,
29,2,*激しさ２,Piston,,60,,,,
29,3,*激しさ３,Piston,,60,,,,
29,0,*激しさ１胸揉み,Piston,,61,,,,
29,1,*激しさ１胸揉み,Piston,,61,,,,
29,2,*激しさ２胸揉み,Piston,,61,,,,
29,3,*激しさ３胸揉み,Piston,,61,,,,
30,0,*激しさ１,Piston,,62,,,,
30,1,*激しさ１,Piston,,62,,,,
30,2,*激しさ２,Piston,,62,,,,
30,3,*激しさ３,Piston,,62,,,,
31,0,*激しさ１,Piston,,63,,,,
31,1,*激しさ１,Piston,,63,,,,
31,2,*激しさ２,Piston,,63,,,,
31,3,*激しさ３,Piston,,63,,,,
32,0,*激しさ１,Piston,,64,,,,
32,1,*激しさ１,Piston,,64,,,,
32,2,*激しさ２,Piston,,64,,,,
32,3,*激しさ３,Piston,,64,,,,
32,0,*激しさ１胸揉み,Piston,,65,,,,
32,1,*激しさ１胸揉み,Piston,,65,,,,
32,2,*激しさ２胸揉み,Piston,,65,,,,
32,3,*激しさ３胸揉み,Piston,,65,,,,
33,0,*激しさ１,Piston,,66,,,,
33,1,*激しさ１,Piston,,66,,,,
33,2,*激しさ２,Piston,,66,,,,
33,3,*激しさ３,Piston,,66,,,,
33,0,*激しさ１胸揉み,Piston,,67,,,,
33,1,*激しさ１胸揉み,Piston,,67,,,,
33,2,*激しさ２胸揉み,Piston,,67,,,,
33,3,*激しさ３胸揉み,Piston,,67,,,,
34,0,*激しさ１,Piston,,68,,,,
34,1,*激しさ１,Piston,,68,,,,
34,2,*激しさ２,Piston,,68,,,,
34,3,*激しさ３,Piston,,68,,,,
35,0,*激しさ１,Piston,,69,,,,
35,1,*激しさ１,Piston,,69,,,,
35,2,*激しさ２,Piston,,69,,,,
35,3,*激しさ３,Piston,,69,,,,
36,0,*激しさ１,Pain,,70,,,,
36,1,*激しさ１,Pain,,70,,,,
36,2,*激しさ２,Pain,,70,,,,
36,3,*激しさ３,Pain,,70,,,,
36,0,*激しさ１胸揉み,Pain,,71,,,,
36,1,*激しさ１胸揉み,Pain,,71,,,,
36,2,*激しさ２胸揉み,Pain,,71,,,,
36,3,*激しさ３胸揉み,Pain,,71,,,,
37,0,*激しさ１,Pain,,72,,,,
37,1,*激しさ１,Pain,,72,,,,
37,2,*激しさ２,Pain,,72,,,,
37,3,*激しさ３,Pain,,72,,,,
37,0,*激しさ１胸揉み,Pain,,73,,,,
37,1,*激しさ１胸揉み,Pain,,73,,,,
37,2,*激しさ２胸揉み,Pain,,73,,,,
37,3,*激しさ３胸揉み,Pain,,73,,,,
38,0,*激しさ１,Piston,,74,,,,
38,1,*激しさ１,Piston,,74,,,,
38,2,*激しさ２,Piston,,74,,,,
38,3,*激しさ３,Piston,,74,,,,
38,0,*激しさ１胸揉み,Piston,,75,,,,
38,1,*激しさ１胸揉み,Piston,,75,,,,
38,2,*激しさ２胸揉み,Piston,,75,,,,
38,3,*激しさ３胸揉み,Piston,,75,,,,
39,0,*激しさ１,Piston,,76,,,,
39,1,*激しさ１,Piston,,76,,,,
39,2,*激しさ２,Piston,,76,,,,
39,3,*激しさ３,Piston,,76,,,,
39,0,*激しさ１胸揉み,Piston,,77,,,,
39,1,*激しさ１胸揉み,Piston,,77,,,,
39,2,*激しさ２胸揉み,Piston,,77,,,,
39,3,*激しさ３胸揉み,Piston,,77,,,,
40,0,*激しさ１,Pain,,78,,,,
40,1,*激しさ１,Pain,,78,,,,
40,2,*激しさ２,Pain,,78,,,,
40,3,*激しさ３,Pain,,78,,,,
40,0,*激しさ１胸揉み,Piston,,79,,,,
40,1,*激しさ１胸揉み,Piston,,79,,,,
40,2,*激しさ２胸揉み,Piston,,79,,,,
40,3,*激しさ３胸揉み,Piston,,79,,,,
41,0,*激しさ１,Pain,,80,,,,
41,1,*激しさ１,Pain,,80,,,,
41,2,*激しさ２,Pain,,80,,,,
41,3,*激しさ３,Pain,,80,,,,
41,0,*激しさ１胸揉み,Piston,,81,,,,
41,1,*激しさ１胸揉み,Piston,,81,,,,
41,2,*激しさ２胸揉み,Piston,,81,,,,
41,3,*激しさ３胸揉み,Piston,,81,,,,
42,0,*激しさ１,Piston,,82,,,,
42,1,*激しさ１,Piston,,82,,,,
42,2,*激しさ２,Piston,,82,,,,
42,3,*激しさ３,Piston,,82,,,,
42,0,*激しさ１胸揉み,Piston,,83,,,,
42,1,*激しさ１胸揉み,Piston,,83,,,,
42,2,*激しさ２胸揉み,Piston,,83,,,,
42,3,*激しさ３胸揉み,Piston,,83,,,,
43,0,*激しさ１,Piston,,84,,,,
43,1,*激しさ１,Piston,,84,,,,
43,2,*激しさ２,Piston,,84,,,,
43,3,*激しさ３,Piston,,84,,,,
43,0,*激しさ１胸揉み,Piston,,85,,,,
43,1,*激しさ１胸揉み,Piston,,85,,,,
43,2,*激しさ２胸揉み,Piston,,85,,,,
43,3,*激しさ３胸揉み,Piston,,85,,,,
44,0,*激しさ１,Piston,,86,,,,
44,1,*激しさ１,Piston,,86,,,,
44,2,*激しさ２,Piston,,86,,,,
44,3,*激しさ３,Piston,,86,,,,
44,0,*激しさ１胸揉み,Piston,,87,,,,
44,1,*激しさ１胸揉み,Piston,,87,,,,
44,2,*激しさ２胸揉み,Piston,,87,,,,
44,3,*激しさ３胸揉み,Piston,,87,,,,
44,0,*激しさ１キス,Kiss,,88,,,,
44,1,*激しさ１キス,Kiss,,88,,,,
44,2,*激しさ２キス,Kiss,,88,,,,
44,3,*激しさ３キス,Kiss,,88,,,,
45,0,*激しさ１,Piston,,89,,,,
45,1,*激しさ１,Piston,,89,,,,
45,2,*激しさ２,Piston,,89,,,,
45,3,*激しさ３,Piston,,89,,,,
45,0,*激しさ１胸揉み,Piston,,90,,,,
45,1,*激しさ１胸揉み,Piston,,90,,,,
45,2,*激しさ２胸揉み,Piston,,90,,,,
45,3,*激しさ３胸揉み,Piston,,90,,,,
45,0,*激しさ１キス,Kiss,,91,,,,
45,1,*激しさ１キス,Kiss,,91,,,,
45,2,*激しさ２キス,Kiss,,91,,,,
45,3,*激しさ３キス,Kiss,,91,,,,
46,0,*激しさ１,Piston,,92,,,,
46,1,*激しさ１,Piston,,92,,,,
46,2,*激しさ２,Piston,,92,,,,
46,3,*激しさ３,Piston,,92,,,,
47,0,*激しさ１,Piston,,93,,,,
47,1,*激しさ１,Piston,,93,,,,
47,2,*激しさ２,Piston,,93,,,,
47,3,*激しさ３,Piston,,93,,,,
47,0,*激しさ１キス,Kiss,,94,,,,
47,1,*激しさ１キス,Kiss,,94,,,,
47,2,*激しさ２キス,Kiss,,94,,,,
47,3,*激しさ３キス,Kiss,,94,,,,
48,0,*激しさ１,Piston,,93,,,,
48,1,*激しさ１,Piston,,93,,,,
48,2,*激しさ２,Piston,,93,,,,
48,3,*激しさ３,Piston,,93,,,,
48,0,*激しさ１キス,Kiss,,94,,,,
48,1,*激しさ１キス,Kiss,,94,,,,
48,2,*激しさ２キス,Kiss,,94,,,,
48,3,*激しさ３キス,Kiss,,94,,,,
50,0,*激しさ１,Piston,,95,,,,
50,1,*激しさ１,Piston,,95,,,,
50,2,*激しさ２,Piston,,95,,,,
50,3,*激しさ３,Piston,,95,,,,
50,0,*激しさ１胸揉み,Piston,,96,,,,
50,1,*激しさ１胸揉み,Piston,,96,,,,
50,2,*激しさ２胸揉み,Piston,,96,,,,
50,3,*激しさ３胸揉み,Piston,,96,,,,
51,0,*激しさ１,Pain,,97,,,,
51,1,*激しさ１,Pain,,97,,,,
51,2,*激しさ２,Pain,,97,,,,
51,3,*激しさ３,Pain,,97,,,,
51,0,*激しさ１キス,Kiss,,98,,,,
51,1,*激しさ１キス,Kiss,,98,,,,
51,2,*激しさ２キス,Kiss,,98,,,,
51,3,*激しさ３キス,Kiss,,98,,,,
51,0,*激しさ１胸揉み,Pain,,99,,,,
51,1,*激しさ１胸揉み,Pain,,99,,,,
51,2,*激しさ２胸揉み,Pain,,99,,,,
51,3,*激しさ３胸揉み,Pain,,99,,,,
52,0,*激しさ１,Pain,,100,,,,
52,1,*激しさ１,Pain,,100,,,,
52,2,*激しさ２,Pain,,100,,,,
52,3,*激しさ３,Pain,,100,,,,
52,0,*激しさ１キス,Kiss,,101,,,,
52,1,*激しさ１キス,Kiss,,101,,,,
52,2,*激しさ２キス,Kiss,,101,,,,
52,3,*激しさ３キス,Kiss,,101,,,,
52,0,*激しさ１胸揉み,Pain,,102,,,,
52,1,*激しさ１胸揉み,Pain,,102,,,,
52,2,*激しさ２胸揉み,Pain,,102,,,,
52,3,*激しさ３胸揉み,Pain,,102,,,,
53,0,*激しさ１,Piston,,103,,,,
53,1,*激しさ１,Piston,,103,,,,
53,2,*激しさ２,Piston,,103,,,,
53,3,*激しさ３,Piston,,103,,,,
53,0,*激しさ１キス,Kiss,,104,,,,
53,1,*激しさ１キス,Kiss,,104,,,,
53,2,*激しさ２キス,Kiss,,104,,,,
53,3,*激しさ３キス,Kiss,,104,,,,
54,0,*激しさ１,Piston,,105,,,,
54,1,*激しさ１,Piston,,105,,,,
54,2,*激しさ２,Piston,,105,,,,
54,3,*激しさ３,Piston,,105,,,,
54,0,*激しさ１キス,Kiss,,106,,,,
54,1,*激しさ１キス,Kiss,,106,,,,
54,2,*激しさ２キス,Kiss,,106,,,,
54,3,*激しさ３キス,Kiss,,106,,,,
55,0,*激しさ１先端,Fellatio,,107,,,,
55,1,*激しさ１先端,Fellatio,,107,,,,
55,2,*激しさ２,Fellatio,,107,,,,
55,3,*激しさ３,Fellatio,,107,,,,
56,0,*激しさ１,DeepThroat,,108,,,,
56,1,*激しさ１,DeepThroat,,108,,,,
56,2,*激しさ２,DeepThroat,,108,,,,
56,3,*激しさ３,DeepThroat,,108,,,,
57,0,*激しさ１,PainFellatio,,109,,,,
57,1,*激しさ１,PainFellatio,,109,,,,
57,2,*激しさ２,PainFellatio,,109,,,,
57,3,*激しさ３,PainFellatio,,109,,,,
58,0,*激しさ１,Piston,,110,,,,
58,1,*激しさ１,Piston,,110,,,,
58,2,*激しさ２,Piston,,110,,,,
58,3,*激しさ３,Piston,,110,,,,
58,0,*激しさ１胸揉み,Piston,,111,,,,
58,1,*激しさ１胸揉み,Piston,,111,,,,
58,2,*激しさ２胸揉み,Piston,,111,,,,
58,3,*激しさ３胸揉み,Piston,,111,,,,
59,0,*激しさ１,Piston,,112,,,,
59,1,*激しさ１,Piston,,112,,,,
59,2,*激しさ２,Piston,,112,,,,
59,3,*激しさ３,Piston,,112,,,,
59,0,*激しさ１胸揉み,Piston,,113,,,,
59,1,*激しさ１胸揉み,Piston,,113,,,,
59,2,*激しさ２胸揉み,Piston,,113,,,,
59,3,*激しさ３胸揉み,Piston,,113,,,,
60,0,*激しさ１,Piston,,114,,,,
60,1,*激しさ１,Piston,,114,,,,
60,2,*激しさ２,Piston,,114,,,,
60,3,*激しさ３,Piston,,114,,,,
60,0,*激しさ１キス,Kiss,,115,,,,
60,1,*激しさ１キス,Kiss,,115,,,,
60,2,*激しさ２キス,Kiss,,115,,,,
60,3,*激しさ３キス,Kiss,,115,,,,
60,0,*激しさ１胸揉み,Piston,,116,,,,
60,1,*激しさ１胸揉み,Piston,,116,,,,
60,2,*激しさ２胸揉み,Piston,,116,,,,
60,3,*激しさ３胸揉み,Piston,,116,,,,
61,0,*激しさ１,Piston,,117,,,,
61,1,*激しさ１,Piston,,117,,,,
61,2,*激しさ２,Piston,,117,,,,
61,3,*激しさ３,Piston,,117,,,,
61,0,*激しさ１キス,Kiss,,118,,,,
61,1,*激しさ１キス,Kiss,,118,,,,
61,2,*激しさ２キス,Kiss,,118,,,,
61,3,*激しさ３キス,Kiss,,118,,,,
61,0,*激しさ１胸揉み,Piston,,119,,,,
61,1,*激しさ１胸揉み,Piston,,119,,,,
61,2,*激しさ２胸揉み,Piston,,119,,,,
61,3,*激しさ３胸揉み,Piston,,119,,,,
62,0,*激しさ１,Piston,,120,,,,
62,1,*激しさ１,Piston,,120,,,,
62,2,*激しさ２,Piston,,120,,,,
62,3,*激しさ３,Piston,,120,,,,
62,0,*激しさ１胸揉み,Piston,,121,,,,
62,1,*激しさ１胸揉み,Piston,,121,,,,
62,2,*激しさ２胸揉み,Piston,,121,,,,
62,3,*激しさ３胸揉み,Piston,,121,,,,
63,0,*激しさ１,Piston,,122,,,,
63,1,*激しさ１,Piston,,122,,,,
63,2,*激しさ２,Piston,,122,,,,
63,3,*激しさ３,Piston,,122,,,,
63,0,*激しさ１胸揉み,Piston,,123,,,,
63,1,*激しさ１胸揉み,Piston,,123,,,,
63,2,*激しさ２胸揉み,Piston,,123,,,,
63,3,*激しさ３胸揉み,Piston,,123,,,,
64,0,*激しさ１,Fellatio,,124,,,,
64,1,*激しさ１,Fellatio,,124,,,,
64,2,*激しさ２,Fellatio,,124,,,,
64,3,*激しさ３,Fellatio,,124,,,,
65,0,*激しさ１,Fellatio,,125,,,,
65,1,*激しさ１,Fellatio,,125,,,,
65,2,*激しさ２,Fellatio,,125,,,,
65,3,*激しさ３,Fellatio,,125,,,,
66,0,*激しさ１,PistonExcite,,126,,,,
66,1,*激しさ１,PistonExcite,,126,,,,
66,2,*激しさ２,PistonExcite,,126,,,,
66,3,*激しさ３,PistonExcite,,126,,,,
66,0,*激しさ１キス,Kiss,,127,,,,
66,1,*激しさ１キス,Kiss,,127,,,,
66,2,*激しさ２キス,Kiss,,127,,,,
66,3,*激しさ３キス,Kiss,,127,,,,
67,0,*激しさ１,PistonExcite,,128,,,,
67,1,*激しさ１,PistonExcite,,128,,,,
67,2,*激しさ２,PistonExcite,,128,,,,
67,3,*激しさ３,PistonExcite,,128,,,,
68,0,*激しさ１,PistonExcite,,129,,,,
68,1,*激しさ１,PistonExcite,,129,,,,
68,2,*激しさ２,PistonExcite,,129,,,,
68,3,*激しさ３,PistonExcite,,129,,,,
68,0,*激しさ１キス,Kiss,,130,,,,
68,1,*激しさ１キス,Kiss,,130,,,,
68,2,*激しさ２キス,Kiss,,130,,,,
68,3,*激しさ３キス,Kiss,,130,,,,
100,0,*激しさ１,Houshi,,131,,,,
100,1,*激しさ１,Houshi,,131,,,,
100,2,*激しさ２,Houshi,,131,,,,
100,3,*激しさ３,Houshi,,131,,,,
100,0,*玉弄り,Houshi,,132,,,,
100,1,*玉弄り,Houshi,,132,,,,
100,2,*玉弄り,Houshi,,132,,,,
100,3,*玉弄り,Houshi,,132,,,,
101,0,*激しさ１,Houshi,,133,,,,
101,1,*激しさ１,Houshi,,133,,,,
101,2,*激しさ２,Houshi,,133,,,,
101,3,*激しさ３,Houshi,,133,,,,
101,0,*玉弄り,Houshi,,134,,,,
101,1,*玉弄り,Houshi,,134,,,,
101,2,*玉弄り,Houshi,,134,,,,
101,3,*玉弄り,Houshi,,134,,,,
101,0,*激しさ１オナニー,Houshi,,135,,,,
101,1,*激しさ１オナニー,Houshi,,135,,,,
101,2,*激しさ２オナニー,Houshi,,135,,,,
101,3,*激しさ３オナニー,Houshi,,135,,,,
102,0,*激しさ１先端,FellatioExcite,,136,,,,
102,1,*激しさ１先端,FellatioExcite,,136,,,,
102,2,*激しさ２,FellatioExcite,,136,,,,
102,3,*激しさ３,FellatioExcite,,136,,,,
102,0,*激しさ１キス,Kiss,,137,,,,
102,1,*激しさ１キス,Kiss,,137,,,,
102,2,*激しさ１キス,Kiss,,137,,,,
102,3,*激しさ１キス,Kiss,,137,,,,
102,0,*激しさ１舐め,LickJob,,138,,,,
102,1,*激しさ１舐め,LickJob,,138,,,,
102,2,*激しさ１舐め,LickJob,,138,,,,
102,3,*激しさ１舐め,LickJob,,138,,,,
102,0,*激しさ１舐め裏,LickJob,,139,,,,
102,1,*激しさ１舐め裏,LickJob,,139,,,,
102,2,*激しさ１舐め裏,LickJob,,139,,,,
102,3,*激しさ１舐め裏,LickJob,,139,,,,
102,0,*オナニー激しさ１,FellatioExcite,,140,,,,
102,1,*オナニー激しさ１,FellatioExcite,,140,,,,
102,2,*オナニー激しさ２,FellatioExcite,,140,,,,
102,3,*オナニー激しさ３,FellatioExcite,,140,,,,
103,0,*激しさ１,Houshi,,141,,,,
103,1,*激しさ１,Houshi,,141,,,,
103,2,*激しさ２,Houshi,,141,,,,
103,3,*激しさ３,Houshi,,141,,,,
104,0,*激しさ１,FellatioExcite,,142,,,,
104,1,*激しさ１,FellatioExcite,,142,,,,
104,2,*激しさ２,FellatioExcite,,142,,,,
104,3,*激しさ３,FellatioExcite,,142,,,,
104,0,*激しさ１舐め,FellatioExcite,,143,,,,
104,1,*激しさ１舐め,FellatioExcite,,143,,,,
104,2,*激しさ２舐め,FellatioExcite,,143,,,,
104,3,*激しさ３舐め,FellatioExcite,,143,,,,
105,0,*激しさ１,Fellatio,,144,,,,
105,1,*激しさ１,Fellatio,,144,,,,
105,2,*激しさ２,Fellatio,,144,,,,
105,3,*激しさ３,Fellatio,,144,,,,
106,0,*激しさ１,PainFellatio,,145,,,,
106,1,*激しさ１,PainFellatio,,145,,,,
106,2,*激しさ２,PainFellatio,,145,,,,
106,3,*激しさ３,PainFellatio,,145,,,,
106,0,*喉奥,PainFellatio,,146,,,,
106,1,*喉奥,PainFellatio,,146,,,,
106,2,*喉奥,PainFellatio,,146,,,,
106,3,*喉奥,PainFellatio,,146,,,,
107,0,*激しさ１キス揉みA愛撫B,Kiss,,147,,,,
107,1,*激しさ１キス揉みA愛撫B,Kiss,,147,,,,
107,2,*激しさ２キス揉みA愛撫B,Kiss,,147,,,,
107,3,*激しさ３キス揉みA愛撫B,Kiss,,147,,,,
108,0,*激しさ１,Houshi,,148,,,,
108,1,*激しさ１,Houshi,,148,,,,
108,2,*激しさ２,FellatioExcite,,148,,,,Replaced sound group due to avoid over complication
108,3,*激しさ３,FellatioExcite,,148,,,,Replaced sound group due to avoid over complication
108,0,*男２激しさ１,Houshi,,149,,,,
108,1,*男２激しさ１,Houshi,,149,,,,
108,2,*男２激しさ２,FellatioExcite,,149,,,,Replaced sound group due to avoid over complication
108,3,*男２激しさ３,FellatioExcite,,149,,,,Replaced sound group due to avoid over complication
109,0,*激しさ１,PistonCry,,150,,,,
109,1,*激しさ１,PistonCry,,150,,,,
109,2,*激しさ２,PistonCry,,150,,,,
109,3,*激しさ３,PistonCry,,150,,,,
109,0,*激しさ１キス,Kiss,,151,,,,
109,1,*激しさ１キス,Kiss,,151,,,,
109,2,*激しさ２キス,Kiss,,151,,,,
109,3,*激しさ３キス,Kiss,,151,,,,
109,0,*クリトリス,Piston,,152,,,,
109,1,*クリトリス,Piston,,152,,,,
109,2,*クリトリス,Piston,,152,,,,
109,3,*クリトリス,Piston,,152,,,,
109,0,*グラインド,Piston,,153,,,,
109,1,*グラインド,Piston,,153,,,,
109,2,*グラインド,Piston,,153,,,,
109,3,*グラインド,Piston,,153,,,,
109,0,*フェラ,Fellatio,,154,,,,
109,1,*フェラ,Fellatio,,154,,,,
109,2,*フェラ,Fellatio,,154,,,,
109,3,*フェラ,Fellatio,,154,,,,
110,0,*激しさ１,PistonCry,,155,,,,
110,1,*激しさ１,PistonCry,,155,,,,
110,2,*激しさ２,PistonCry,,155,,,,
110,3,*激しさ３,PistonCry,,155,,,,
110,0,*激しさ１キス,Kiss,,156,,,,
110,1,*激しさ１キス,Kiss,,156,,,,
110,2,*激しさ２キス,Kiss,,156,,,,
110,3,*激しさ３キス,Kiss,,156,,,,
110,0,*クリトリス,Piston,,157,,,,
110,1,*クリトリス,Piston,,157,,,,
110,2,*クリトリス,Piston,,157,,,,
110,3,*クリトリス,Piston,,157,,,,
110,0,*グラインド,Piston,,158,,,,
110,1,*グラインド,Piston,,158,,,,
110,2,*グラインド,Piston,,158,,,,
110,3,*グラインド,Piston,,158,,,,
110,0,*フェラ,Fellatio,,159,,,,
110,1,*フェラ,Fellatio,,159,,,,
110,2,*フェラ,Fellatio,,159,,,,
110,3,*フェラ,Fellatio,,159,,,,
111,0,*激しさ１,Piston,,160,,,,
111,1,*激しさ１,Piston,,160,,,,
111,2,*激しさ２,Piston,,160,,,,
111,3,*激しさ３,Piston,,160,,,,
111,0,*激しさ１胸揉み,Piston,,161,,,,
111,1,*激しさ１胸揉み,Piston,,161,,,,
111,2,*激しさ２胸揉み,Piston,,161,,,,
111,3,*激しさ３胸揉み,Piston,,161,,,,
111,0,*喉奥を擦る,Piston,,162,,,,
111,1,*喉奥を擦る,Piston,,162,,,,
111,2,*喉奥を擦る,Piston,,162,,,,
111,3,*喉奥を擦る,Piston,,162,,,,
111,0,*裏筋を舐める,Piston,,163,,,,
111,1,*裏筋を舐める,Piston,,163,,,,
111,2,*裏筋を舐める,Piston,,163,,,,
111,3,*裏筋を舐める,Piston,,163,,,,
112,0,*激しさ１,Piston,,164,,,,
112,1,*激しさ１,Piston,,164,,,,
112,2,*激しさ２,Piston,,164,,,,
112,3,*激しさ３,Piston,,164,,,,
112,0,*激しさ１胸揉み,Piston,,165,,,,
112,1,*激しさ１胸揉み,Piston,,165,,,,
112,2,*激しさ２胸揉み,Piston,,165,,,,
112,3,*激しさ３胸揉み,Piston,,165,,,,
112,0,*喉奥を擦る,Piston,,166,,,,
112,1,*喉奥を擦る,Piston,,166,,,,
112,2,*喉奥を擦る,Piston,,166,,,,
112,3,*喉奥を擦る,Piston,,166,,,,
112,0,*裏筋を舐める,Piston,,167,,,,
112,1,*裏筋を舐める,Piston,,167,,,,
112,2,*裏筋を舐める,Piston,,167,,,,
112,3,*裏筋を舐める,Piston,,167,,,,
113,0,*激しさ１,Piston,,168,,,,
113,1,*激しさ１,Piston,,168,,,,
113,2,*激しさ２,Piston,,168,,,,
113,3,*激しさ３,Piston,,168,,,,
113,0,*激しさ１胸揉み,Piston,,169,,,,
113,1,*激しさ１胸揉み,Piston,,169,,,,
113,2,*激しさ２胸揉み,Piston,,169,,,,
113,3,*激しさ３胸揉み,Piston,,169,,,,
113,0,*激しさ１キス,Kiss,,170,,,,
113,1,*激しさ１キス,Kiss,,170,,,,
113,2,*激しさ２キス,Kiss,,170,,,,
113,3,*激しさ３キス,Kiss,,170,,,,
114,0,*激しさ１,Piston,,171,,,,
114,1,*激しさ１,Piston,,171,,,,
114,2,*激しさ２,Piston,,171,,,,
114,3,*激しさ３,Piston,,171,,,,
114,0,*激しさ１胸揉み,Piston,,172,,,,
114,1,*激しさ１胸揉み,Piston,,172,,,,
114,2,*激しさ２胸揉み,Piston,,172,,,,
114,3,*激しさ３胸揉み,Piston,,172,,,,
114,0,*激しさ１キス,Kiss,,173,,,,
114,1,*激しさ１キス,Kiss,,173,,,,
114,2,*激しさ２キス,Kiss,,173,,,,
114,3,*激しさ３キス,Kiss,,173,,,,
114,0,*秘部弄り,Piston,,174,,,,
114,1,*秘部弄り,Piston,,174,,,,
114,2,*秘部弄り,Piston,,174,,,,
114,3,*秘部弄り,Piston,,174,,,,
115,0,*激しさ１,Fellatio,,175,,,,
115,1,*激しさ１,Fellatio,,175,,,,
115,2,*激しさ２,Fellatio,,175,,,,
115,3,*激しさ３,Fellatio,,175,,,,
115,0,*激しさ１胸揉み,Fellatio,,176,,,,
115,1,*激しさ１胸揉み,Fellatio,,176,,,,
115,2,*激しさ２胸揉み,Fellatio,,176,,,,
115,3,*激しさ３胸揉み,Fellatio,,176,,,,
115,0,*激しさ１イラマチオ,Fellatio,,177,,,,
115,1,*激しさ１イラマチオ,Fellatio,,177,,,,
115,2,*激しさ２イラマチオ,Fellatio,,177,,,,
115,3,*激しさ３イラマチオ,Fellatio,,177,,,,
116,0,*激しさ１,Fellatio,,178,,,,
116,1,*激しさ１,Fellatio,,178,,,,
116,2,*激しさ２,Fellatio,,178,,,,
116,3,*激しさ３,Fellatio,,178,,,,
116,0,*激しさ１胸揉み,Fellatio,,179,,,,
116,1,*激しさ１胸揉み,Fellatio,,179,,,,
116,2,*激しさ２胸揉み,Fellatio,,179,,,,
116,3,*激しさ３胸揉み,Fellatio,,179,,,,
116,0,*激しさ１イラマチオ,Fellatio,,180,,,,
116,1,*激しさ１イラマチオ,Fellatio,,180,,,,
116,2,*激しさ２イラマチオ,Fellatio,,180,,,,
116,3,*激しさ３イラマチオ,Fellatio,,180,,,,
117,0,*激しさ１,Fellatio,,181,,,,
117,1,*激しさ１,Fellatio,,181,,,,
117,2,*激しさ２,Fellatio,,181,,,,
117,3,*激しさ３,Fellatio,,181,,,,
117,0,*喉奥を責める,Fellatio,,182,,,,
117,1,*喉奥を責める,Fellatio,,182,,,,
117,2,*喉奥を責める,Fellatio,,182,,,,
117,3,*喉奥を責める,Fellatio,,182,,,,
117,0,*グラインド,SMSubmission,,183,,,,
117,1,*グラインド,SMSubmission,,183,,,,
117,2,*グラインド,SMSubmission,,183,,,,
117,3,*グラインド,SMSubmission,,183,,,,
118,0,*激しさ１,Fellatio,,184,,,,
118,1,*激しさ１,Fellatio,,184,,,,
118,2,*激しさ２,Fellatio,,184,,,,
118,3,*激しさ３,Fellatio,,184,,,,
118,0,*喉奥を責める,Fellatio,,185,,,,
118,1,*喉奥を責める,Fellatio,,185,,,,
118,2,*喉奥を責める,Fellatio,,185,,,,
118,3,*喉奥を責める,Fellatio,,185,,,,
118,0,*グラインド,SMSubmission,,186,,,,
118,1,*グラインド,SMSubmission,,186,,,,
118,2,*グラインド,SMSubmission,,186,,,,
118,3,*グラインド,SMSubmission,,186,,,,
119,0,*激しさ１,PistonExcite,,187,,,,
119,1,*激しさ１,PistonExcite,,187,,,,
119,2,*激しさ２,PistonExcite,,187,,,,
119,3,*激しさ３,PistonExcite,,187,,,,
119,0,*激しさ１キス,Kiss,,188,,,,
119,1,*激しさ１キス,Kiss,,188,,,,
119,2,*激しさ２キス,Kiss,,188,,,,
119,3,*激しさ３キス,Kiss,,188,,,,
119,0,*激しさ１胸揉み,Piston,,189,,,,
119,1,*激しさ１胸揉み,Piston,,189,,,,
119,2,*激しさ１胸揉み,Piston,,189,,,,
119,3,*激しさ１胸揉み,Piston,,189,,,,
120,0,*激しさ１,Houshi,Houshi,190,,,,
120,1,*激しさ１,Houshi,Houshi,190,,,,
120,2,*激しさ２,Houshi,Houshi,190,,,,
120,3,*激しさ３,Houshi,Houshi,190,,,,
120,0,*激しさ１胸揉み,Houshi,Houshi,191,,,,
120,1,*激しさ１胸揉み,Houshi,Houshi,191,,,,
120,2,*激しさ１胸揉み,Houshi,Houshi,191,,,,
120,3,*激しさ１胸揉み,Houshi,Houshi,191,,,,
121,0,*激しさ１,LickJob,LickJob,192,,,,
121,1,*激しさ１,LickJob,LickJob,192,,,,
121,2,*激しさ２,LickJob,LickJob,192,,,,
121,3,*激しさ３,Fellatio,LickJob,192,,,,
121,0,*激しさ１左,Waiting,FellatioDrunk,193,,,,
121,1,*激しさ１左,Waiting,FellatioDrunk,193,,,,
121,2,*激しさ２左,Waiting,FellatioDrunk,193,,,,
121,3,*激しさ３左,Waiting,FellatioDrunk,193,,,,
121,0,*激しさ１右,FellatioDrunk,Waiting,194,,,,
121,1,*激しさ１右,FellatioDrunk,Waiting,194,,,,
121,2,*激しさ２右,FellatioDrunk,Waiting,194,,,,
121,3,*激しさ３右,FellatioDrunk,Waiting,194,,,,
122,0,*激しさ１,Piston,Waiting,195,,,,
122,1,*激しさ１,Piston,Waiting,195,,,,
122,2,*激しさ２,Piston,Waiting,195,,,,
122,3,*激しさ３,Piston,Waiting,195,,,,
122,0,*激しさ１胸揉み,Piston,Waiting,196,,,,
122,1,*激しさ１胸揉み,Piston,Waiting,196,,,,
122,2,*激しさ２胸揉み,Piston,Waiting,196,,,,
122,3,*激しさ３胸揉み,Piston,Waiting,196,,,,
122,0,*胸を揉む＆尻穴を弄る,Piston,Waiting,197,,,,
122,1,*胸を揉む＆尻穴を弄る,Piston,Waiting,197,,,,
122,2,*胸を揉む＆尻穴を弄る,Piston,Waiting,197,,,,
122,3,*胸を揉む＆尻穴を弄る,Piston,Waiting,197,,,,
122,0,*胸を揉む＆特殊愛撫,Piston,Waiting,198,,,,
122,1,*胸を揉む＆特殊愛撫,Piston,Waiting,198,,,,
122,2,*胸を揉む＆特殊愛撫,Piston,Waiting,198,,,,
122,3,*胸を揉む＆特殊愛撫,Piston,Waiting,198,,,,
122,0,*百合顔面騎乗位,Piston,Waiting,199,,,,
122,1,*百合顔面騎乗位,Piston,Waiting,199,,,,
122,2,*百合顔面騎乗位,Piston,Waiting,199,,,,
122,3,*百合顔面騎乗位,Piston,Waiting,199,,,,
123,0,*激しさ１,Piston,Waiting,200,,,,
123,1,*激しさ１,Piston,Waiting,200,,,,
123,2,*激しさ２,Piston,Waiting,200,,,,
123,3,*激しさ３,Piston,Waiting,200,,,,
123,0,*激しさ１胸揉み,Piston,Waiting,201,,,,
123,1,*激しさ１胸揉み,Piston,Waiting,201,,,,
123,2,*激しさ２胸揉み,Piston,Waiting,201,,,,
123,3,*激しさ３胸揉み,Piston,Waiting,201,,,,
123,0,*胸を揉む＆尻穴を弄る,Piston,Waiting,202,,,,
123,1,*胸を揉む＆尻穴を弄る,Piston,Waiting,202,,,,
123,2,*胸を揉む＆尻穴を弄る,Piston,Waiting,202,,,,
123,3,*胸を揉む＆尻穴を弄る,Piston,Waiting,202,,,,
123,0,*胸を揉む＆特殊愛撫,Piston,Waiting,203,,,,
123,1,*胸を揉む＆特殊愛撫,Piston,Waiting,203,,,,
123,2,*胸を揉む＆特殊愛撫,Piston,Waiting,203,,,,
123,3,*胸を揉む＆特殊愛撫,Piston,Waiting,203,,,,
123,0,*百合顔面騎乗位,Piston,Waiting,204,,,,
123,1,*百合顔面騎乗位,Piston,Waiting,204,,,,
123,2,*百合顔面騎乗位,Piston,Waiting,204,,,,
123,3,*百合顔面騎乗位,Piston,Waiting,204,,,,
124,0,*激しさ１,LickJob,Piston,205,,,,
124,1,*激しさ１,LickJob,Piston,205,,,,
124,2,*激しさ２,LickJob,Piston,205,,,,
124,3,*激しさ３,LickJob,Piston,205,,,,
124,0,*激しさ１グラインド,LickJob,Piston,206,,,,
124,1,*激しさ１グラインド,LickJob,Piston,206,,,,
124,2,*激しさ２グラインド,LickJob,Piston,206,,,,
124,3,*激しさ３グラインド,LickJob,Piston,206,,,,
125,0,*激しさ１,LickJob,Piston,207,,,,
125,1,*激しさ１,LickJob,Piston,207,,,,
125,2,*激しさ２,LickJob,Piston,207,,,,
125,3,*激しさ３,LickJob,Piston,207,,,,
125,0,*激しさ１グラインド,LickJob,Piston,208,,,,
125,1,*激しさ１グラインド,LickJob,Piston,208,,,,
125,2,*激しさ２グラインド,LickJob,Piston,208,,,,
125,3,*激しさ３グラインド,LickJob,Piston,208,,,,
126,0,*激しさ１,Piston,Waiting,209,,,,
126,1,*激しさ１,Piston,Waiting,209,,,,
126,2,*激しさ２,Piston,Waiting,209,,,,
126,3,*激しさ３,Piston,Waiting,209,,,,
126,0,*激しさ１胸揉み,Piston,Waiting,210,,,,
126,1,*激しさ１胸揉み,Piston,Waiting,210,,,,
126,2,*激しさ２胸揉み,Piston,Waiting,210,,,,
126,3,*激しさ３胸揉み,Piston,Waiting,210,,,,
126,0,*激しさ１グラインド,Piston,Waiting,211,,,,
126,1,*激しさ１グラインド,Piston,Waiting,211,,,,
126,2,*激しさ２グラインド,Piston,Waiting,211,,,,
126,3,*激しさ３グラインド,Piston,Waiting,211,,,,
126,0,*秘部弄り,Piston,Waiting,212,,,,
126,1,*秘部弄り,Piston,Waiting,212,,,,
126,2,*秘部弄り,Piston,Waiting,212,,,,
126,3,*秘部弄り,Piston,Waiting,212,,,,
126,0,*亀頭責め,Waiting,Waiting,213,,,,
126,1,*亀頭責め,Waiting,Waiting,213,,,,
126,2,*亀頭責め,Waiting,Waiting,213,,,,
126,3,*亀頭責め,Waiting,Waiting,213,,,,
127,0,*激しさ１,Piston,Waiting,214,,,,
127,1,*激しさ１,Piston,Waiting,214,,,,
127,2,*激しさ２,Piston,Waiting,214,,,,
127,3,*激しさ３,Piston,Waiting,214,,,,
127,0,*激しさ１胸揉み,Piston,Waiting,215,,,,
127,1,*激しさ１胸揉み,Piston,Waiting,215,,,,
127,2,*激しさ２胸揉み,Piston,Waiting,215,,,,
127,3,*激しさ３胸揉み,Piston,Waiting,215,,,,
127,0,*激しさ１グラインド,Piston,Waiting,216,,,,
127,1,*激しさ１グラインド,Piston,Waiting,216,,,,
127,2,*激しさ２グラインド,Piston,Waiting,216,,,,
127,3,*激しさ３グラインド,Piston,Waiting,216,,,,
127,0,*秘部弄り,Piston,Waiting,217,,,,
127,1,*秘部弄り,Piston,Waiting,217,,,,
127,2,*秘部弄り,Piston,Waiting,217,,,,
127,3,*秘部弄り,Piston,Waiting,217,,,,
127,0,*亀頭責め,Waiting,Waiting,218,,,,
127,1,*亀頭責め,Waiting,Waiting,218,,,,
127,2,*亀頭責め,Waiting,Waiting,218,,,,
127,3,*亀頭責め,Waiting,Waiting,218,,,,
128,0,*激しさ１,Piston,Piston,219,,,,
128,1,*激しさ１,Piston,Piston,219,,,,
128,2,*激しさ２,Piston,Piston,219,,,,
128,3,*激しさ３,Piston,Piston,219,,,,
128,0,*激しさ１胸揉み,Piston,Piston,220,,,,
128,1,*激しさ１胸揉み,Piston,Piston,220,,,,
128,2,*激しさ２胸揉み,Piston,Piston,220,,,,
128,3,*激しさ３胸揉み,Piston,Piston,220,,,,
128,0,*グラインド,Piston,Piston,221,,,,
128,1,*グラインド,Piston,Piston,221,,,,
128,2,*グラインド,Piston,Piston,221,,,,
128,3,*グラインド,Piston,Piston,221,,,,
128,0,*特殊抽送,Piston,Piston,222,,,,
128,1,*特殊抽送,Piston,Piston,222,,,,
128,2,*特殊抽送,Piston,Piston,222,,,,
128,3,*特殊抽送,Piston,Piston,222,,,,
129,0,*激しさ１,Piston,Piston,223,,,,
129,1,*激しさ１,Piston,Piston,223,,,,
129,2,*激しさ２,Piston,Piston,223,,,,
129,3,*激しさ３,Piston,Piston,223,,,,
129,0,*激しさ１胸揉み,Piston,Piston,224,,,,
129,1,*激しさ１胸揉み,Piston,Piston,224,,,,
129,2,*激しさ２胸揉み,Piston,Piston,224,,,,
129,3,*激しさ３胸揉み,Piston,Piston,224,,,,
129,0,*グラインド,Piston,Piston,225,,,,
129,1,*グラインド,Piston,Piston,225,,,,
129,2,*グラインド,Piston,Piston,225,,,,
129,3,*グラインド,Piston,Piston,225,,,,
129,0,*特殊抽送,Piston,Piston,226,,,,
129,1,*特殊抽送,Piston,Piston,226,,,,
129,2,*特殊抽送,Piston,Piston,226,,,,
129,3,*特殊抽送,Piston,Piston,226,,,,
130,0,*激しさ１,Piston,Waiting,227,,,,
130,1,*激しさ１,Piston,Waiting,227,,,,
130,2,*激しさ２,Piston,Waiting,227,,,,
130,3,*激しさ３,Piston,Waiting,227,,,,
130,0,*激しさ１胸揉み,Piston,Piston,228,,,,
130,1,*激しさ１胸揉み,Piston,Piston,228,,,,
130,2,*激しさ２胸揉み,Piston,Piston,228,,,,
130,3,*激しさ３胸揉み,Piston,Piston,228,,,,
131,0,*激しさ１,Piston,Waiting,229,,,,
131,1,*激しさ１,Piston,Waiting,229,,,,
131,2,*激しさ２,Piston,Waiting,229,,,,
131,3,*激しさ３,Piston,Waiting,229,,,,
131,0,*激しさ１胸揉み,Piston,Piston,230,,,,
131,1,*激しさ１胸揉み,Piston,Piston,230,,,,
131,2,*激しさ２胸揉み,Piston,Piston,230,,,,
131,3,*激しさ３胸揉み,Piston,Piston,230,,,,
132,0,*激しさ１,Piston,Waiting,231,,,,
132,1,*激しさ１,Piston,Waiting,231,,,,
132,2,*激しさ２,Piston,Waiting,231,,,,
132,3,*激しさ３,Piston,Waiting,231,,,,
132,0,*キス激しさ１,Kiss,Waiting,232,,,,
132,1,*キス激しさ１,Kiss,Waiting,232,,,,
132,2,*キス激しさ２,Kiss,Waiting,232,,,,
132,3,*キス激しさ３,Kiss,Waiting,232,,,,
132,0,*キス２激しさ１,Kiss,Kiss,233,,,,
132,1,*キス２激しさ１,Kiss,Kiss,233,,,,
132,2,*キス２激しさ２,Kiss,Kiss,233,,,,
132,3,*キス２激しさ３,Kiss,Kiss,233,,,,
133,0,*激しさ１,Piston,Waiting,234,,,,
133,1,*激しさ１,Piston,Waiting,234,,,,
133,2,*激しさ２,Piston,Waiting,234,,,,
133,3,*激しさ３,Piston,Waiting,234,,,,
133,0,*キス激しさ１,Kiss,Waiting,235,,,,
133,1,*キス激しさ１,Kiss,Waiting,235,,,,
133,2,*キス激しさ２,Kiss,Waiting,235,,,,
133,3,*キス激しさ３,Kiss,Waiting,235,,,,
133,0,*キス２激しさ１,Kiss,Kiss,236,,,,
133,1,*キス２激しさ１,Kiss,Kiss,236,,,,
133,2,*キス２激しさ２,Kiss,Kiss,236,,,,
133,3,*キス２激しさ３,Kiss,Kiss,236,,,,
134,0,*激しさ１,Piston,Waiting,237,,,,
134,1,*激しさ１,Piston,Waiting,237,,,,
134,2,*激しさ２,Piston,Waiting,237,,,,
134,3,*激しさ３,Piston,Waiting,237,,,,
134,0,*激しさ１グラインド胸揉み,Piston,Waiting,238,,,,
134,1,*激しさ１グラインド胸揉み,Piston,Waiting,238,,,,
134,2,*激しさ２グラインド胸揉み,Piston,Waiting,238,,,,
134,3,*激しさ３グラインド胸揉み,Piston,Waiting,238,,,,
134,0,*激しさ１オナニー,Piston,Waiting,239,,,,
134,1,*激しさ１オナニー,Piston,Waiting,239,,,,
134,2,*激しさ１オナニー,Piston,Waiting,239,,,,
134,3,*激しさ１オナニー,Piston,Waiting,239,,,,
135,0,*激しさ１,Piston,Waiting,240,,,,
135,1,*激しさ１,Piston,Waiting,240,,,,
135,2,*激しさ２,Piston,Waiting,240,,,,
135,3,*激しさ３,Piston,Waiting,240,,,,
135,0,*激しさ１グラインド胸揉み,Piston,Waiting,241,,,,
135,1,*激しさ１グラインド胸揉み,Piston,Waiting,241,,,,
135,2,*激しさ２グラインド胸揉み,Piston,Waiting,241,,,,
135,3,*激しさ３グラインド胸揉み,Piston,Waiting,241,,,,
135,0,*激しさ１オナニー,Piston,Waiting,242,,,,
135,1,*激しさ１オナニー,Piston,Waiting,242,,,,
135,2,*激しさ１オナニー,Piston,Waiting,242,,,,
135,3,*激しさ１オナニー,Piston,Waiting,242,,,,
