Personality,MotionType,ExcitementLevel,Normal,Estrus,dummy
Ladylike,Piston,0,H5_00592.ogg,H5_00808.ogg,
Ladylike,Piston,0,H5_00593.ogg,H5_00809.ogg,
Ladylike,Piston,0,H5_adult_55527.ogg,H5_adult_55743.ogg,
Ladylike,Piston,0,H5_adult_55528.ogg,H5_adult_55744.ogg,
Ladylike,Piston,1,H5_00594.ogg,H5_00810.ogg,
Ladylike,Piston,1,H5_00595.ogg,H5_00811.ogg,
Ladylike,Piston,1,H5_adult_55529.ogg,H5_adult_55745.ogg,
Ladylike,Piston,1,H5_adult_55530.ogg,H5_adult_55746.ogg,
Ladylike,Piston,2,H5_00596.ogg,H5_00812.ogg,
Ladylike,Piston,2,H5_00597.ogg,H5_00813.ogg,
Ladylike,Piston,2,H5_adult_55531.ogg,H5_adult_55747.ogg,
Ladylike,Piston,2,H5_adult_55532.ogg,H5_adult_55748.ogg,
Ladylike,Piston,3,H5_00598.ogg,H5_00814.ogg,
Ladylike,Piston,3,H5_00599.ogg,H5_00815.ogg,
Ladylike,Piston,3,H5_adult_55533.ogg,H5_adult_55749.ogg,
Ladylike,Piston,3,H5_adult_55534.ogg,H5_adult_55750.ogg,
Ladylike,Kiss,0,H5_00640.ogg,H5_00640.ogg,
Ladylike,Kiss,0,H5_00641.ogg,H5_00641.ogg,
Ladylike,Kiss,0,H5_adult_55575.ogg,H5_adult_55575.ogg,
Ladylike,Kiss,0,H5_adult_55576.ogg,H5_adult_55576.ogg,
Ladylike,Kiss,1,H5_00642.ogg,H5_00642.ogg,
Ladylike,Kiss,1,H5_00643.ogg,H5_00643.ogg,
Ladylike,Kiss,1,H5_adult_55577.ogg,H5_adult_55577.ogg,
Ladylike,Kiss,1,H5_adult_55578.ogg,H5_adult_55578.ogg,
Ladylike,Kiss,2,H5_00644.ogg,H5_00644.ogg,
Ladylike,Kiss,2,H5_00645.ogg,H5_00645.ogg,
Ladylike,Kiss,2,H5_adult_55579.ogg,H5_adult_55579.ogg,
Ladylike,Kiss,2,H5_adult_55580.ogg,H5_adult_55580.ogg,
Ladylike,Kiss,3,H5_00646.ogg,H5_00646.ogg,
Ladylike,Kiss,3,H5_00647.ogg,H5_00647.ogg,
Ladylike,Kiss,3,H5_adult_55581.ogg,H5_adult_55581.ogg,
Ladylike,Kiss,3,H5_adult_55582.ogg,H5_adult_55582.ogg,
Ladylike,Pain,0,H5_00624.ogg,H5_00808.ogg,
Ladylike,Pain,0,H5_00625.ogg,H5_00809.ogg,
Ladylike,Pain,0,H5_adult_55559.ogg,H5_adult_55743.ogg,
Ladylike,Pain,0,H5_adult_55560.ogg,H5_adult_55744.ogg,
Ladylike,Pain,1,H5_00626.ogg,H5_00810.ogg,
Ladylike,Pain,1,H5_00627.ogg,H5_00811.ogg,
Ladylike,Pain,1,H5_adult_55561.ogg,H5_adult_55745.ogg,
Ladylike,Pain,1,H5_adult_55562.ogg,H5_adult_55746.ogg,
Ladylike,Pain,2,H5_00628.ogg,H5_00812.ogg,
Ladylike,Pain,2,H5_00629.ogg,H5_00813.ogg,
Ladylike,Pain,2,H5_adult_55563.ogg,H5_adult_55747.ogg,
Ladylike,Pain,2,H5_adult_55564.ogg,H5_adult_55748.ogg,
Ladylike,Pain,3,H5_00630.ogg,H5_00814.ogg,
Ladylike,Pain,3,H5_00631.ogg,H5_00815.ogg,
Ladylike,Pain,3,H5_adult_55565.ogg,H5_adult_55749.ogg,
Ladylike,Pain,3,H5_adult_55566.ogg,H5_adult_55750.ogg,
Ladylike,Fellatio,0,H5_00648.ogg,H5_00648.ogg,
Ladylike,Fellatio,0,H5_00649.ogg,H5_00649.ogg,
Ladylike,Fellatio,0,H5_adult_55583.ogg,H5_adult_55583.ogg,
Ladylike,Fellatio,0,H5_adult_55584.ogg,H5_adult_55584.ogg,
Ladylike,Fellatio,1,H5_00650.ogg,H5_00650.ogg,
Ladylike,Fellatio,1,H5_00651.ogg,H5_00651.ogg,
Ladylike,Fellatio,1,H5_adult_55585.ogg,H5_adult_55585.ogg,
Ladylike,Fellatio,1,H5_adult_55586.ogg,H5_adult_55586.ogg,
Ladylike,Fellatio,2,H5_00652.ogg,H5_00652.ogg,
Ladylike,Fellatio,2,H5_00653.ogg,H5_00653.ogg,
Ladylike,Fellatio,2,H5_adult_55587.ogg,H5_adult_55587.ogg,
Ladylike,Fellatio,2,H5_adult_55588.ogg,H5_adult_55588.ogg,
Ladylike,Fellatio,3,H5_00654.ogg,H5_00654.ogg,
Ladylike,Fellatio,3,H5_00655.ogg,H5_00655.ogg,
Ladylike,Fellatio,3,H5_adult_55589.ogg,H5_adult_55589.ogg,
Ladylike,Fellatio,3,H5_adult_55590.ogg,H5_adult_55590.ogg,
Ladylike,DeepThroat,0,H5_00768.ogg,H5_00832.ogg,
Ladylike,DeepThroat,0,H5_00769.ogg,H5_00833.ogg,
Ladylike,DeepThroat,0,H5_adult_55703.ogg,H5_adult_55767.ogg,
Ladylike,DeepThroat,0,H5_adult_55704.ogg,H5_adult_55768.ogg,
Ladylike,DeepThroat,1,H5_00770.ogg,H5_00834.ogg,
Ladylike,DeepThroat,1,H5_00771.ogg,H5_00835.ogg,
Ladylike,DeepThroat,1,H5_adult_55705.ogg,H5_adult_55769.ogg,
Ladylike,DeepThroat,1,H5_adult_55706.ogg,H5_adult_55770.ogg,
Ladylike,DeepThroat,2,H5_00772.ogg,H5_00836.ogg,
Ladylike,DeepThroat,2,H5_00773.ogg,H5_00837.ogg,
Ladylike,DeepThroat,2,H5_adult_55707.ogg,H5_adult_55771.ogg,
Ladylike,DeepThroat,2,H5_adult_55708.ogg,H5_adult_55772.ogg,
Ladylike,DeepThroat,3,H5_00774.ogg,H5_00838.ogg,
Ladylike,DeepThroat,3,H5_00775.ogg,H5_00839.ogg,
Ladylike,DeepThroat,3,H5_adult_55709.ogg,H5_adult_55773.ogg,
Ladylike,DeepThroat,3,H5_adult_55710.ogg,H5_adult_55774.ogg,
Ladylike,PainFellatio,0,H5_00784.ogg,H5_00832.ogg,
Ladylike,PainFellatio,0,H5_00785.ogg,H5_00833.ogg,
Ladylike,PainFellatio,0,H5_adult_55719.ogg,H5_adult_55767.ogg,
Ladylike,PainFellatio,0,H5_adult_55720.ogg,H5_adult_55768.ogg,
Ladylike,PainFellatio,1,H5_00786.ogg,H5_00834.ogg,
Ladylike,PainFellatio,1,H5_00787.ogg,H5_00835.ogg,
Ladylike,PainFellatio,1,H5_adult_55721.ogg,H5_adult_55769.ogg,
Ladylike,PainFellatio,1,H5_adult_55722.ogg,H5_adult_55770.ogg,
Ladylike,PainFellatio,2,H5_00788.ogg,H5_00836.ogg,
Ladylike,PainFellatio,2,H5_00789.ogg,H5_00837.ogg,
Ladylike,PainFellatio,2,H5_adult_55723.ogg,H5_adult_55771.ogg,
Ladylike,PainFellatio,2,H5_adult_55724.ogg,H5_adult_55772.ogg,
Ladylike,PainFellatio,3,H5_00790.ogg,H5_00838.ogg,
Ladylike,PainFellatio,3,H5_00791.ogg,H5_00839.ogg,
Ladylike,PainFellatio,3,H5_adult_55725.ogg,H5_adult_55773.ogg,
Ladylike,PainFellatio,3,H5_adult_55726.ogg,H5_adult_55774.ogg,
Ladylike,PistonExcite,0,H5_00608.ogg,H5_00808.ogg,
Ladylike,PistonExcite,0,H5_00609.ogg,H5_00809.ogg,
Ladylike,PistonExcite,0,H5_adult_55543.ogg,H5_adult_55743.ogg,
Ladylike,PistonExcite,0,H5_adult_55544.ogg,H5_adult_55744.ogg,
Ladylike,PistonExcite,1,H5_00610.ogg,H5_00810.ogg,
Ladylike,PistonExcite,1,H5_00611.ogg,H5_00811.ogg,
Ladylike,PistonExcite,1,H5_adult_55545.ogg,H5_adult_55745.ogg,
Ladylike,PistonExcite,1,H5_adult_55546.ogg,H5_adult_55746.ogg,
Ladylike,PistonExcite,2,H5_00612.ogg,H5_00812.ogg,
Ladylike,PistonExcite,2,H5_00613.ogg,H5_00813.ogg,
Ladylike,PistonExcite,2,H5_adult_55547.ogg,H5_adult_55747.ogg,
Ladylike,PistonExcite,2,H5_adult_55548.ogg,H5_adult_55748.ogg,
Ladylike,PistonExcite,3,H5_00614.ogg,H5_00814.ogg,
Ladylike,PistonExcite,3,H5_00615.ogg,H5_00815.ogg,
Ladylike,PistonExcite,3,H5_adult_55549.ogg,H5_adult_55749.ogg,
Ladylike,PistonExcite,3,H5_adult_55550.ogg,H5_adult_55750.ogg,
Ladylike,Houshi,0,H5_00728.ogg,H5_00824.ogg,
Ladylike,Houshi,0,H5_00729.ogg,H5_00825.ogg,
Ladylike,Houshi,0,H5_adult_55663.ogg,H5_adult_55759.ogg,
Ladylike,Houshi,0,H5_adult_55664.ogg,H5_adult_55760.ogg,
Ladylike,Houshi,1,H5_00730.ogg,H5_00826.ogg,
Ladylike,Houshi,1,H5_00731.ogg,H5_00827.ogg,
Ladylike,Houshi,1,H5_adult_55665.ogg,H5_adult_55761.ogg,
Ladylike,Houshi,1,H5_adult_55666.ogg,H5_adult_55762.ogg,
Ladylike,Houshi,2,H5_00732.ogg,H5_00828.ogg,
Ladylike,Houshi,2,H5_00733.ogg,H5_00829.ogg,
Ladylike,Houshi,2,H5_adult_55667.ogg,H5_adult_55763.ogg,
Ladylike,Houshi,2,H5_adult_55668.ogg,H5_adult_55764.ogg,
Ladylike,Houshi,3,H5_00734.ogg,H5_00830.ogg,
Ladylike,Houshi,3,H5_00735.ogg,H5_00831.ogg,
Ladylike,Houshi,3,H5_adult_55669.ogg,H5_adult_55765.ogg,
Ladylike,Houshi,3,H5_adult_55670.ogg,H5_adult_55766.ogg,
Ladylike,FellatioExcite,0,H5_00776.ogg,H5_00832.ogg,
Ladylike,FellatioExcite,0,H5_00777.ogg,H5_00833.ogg,
Ladylike,FellatioExcite,0,H5_adult_55711.ogg,H5_adult_55767.ogg,
Ladylike,FellatioExcite,0,H5_adult_55712.ogg,H5_adult_55768.ogg,
Ladylike,FellatioExcite,1,H5_00778.ogg,H5_00834.ogg,
Ladylike,FellatioExcite,1,H5_00779.ogg,H5_00835.ogg,
Ladylike,FellatioExcite,1,H5_adult_55713.ogg,H5_adult_55769.ogg,
Ladylike,FellatioExcite,1,H5_adult_55714.ogg,H5_adult_55770.ogg,
Ladylike,FellatioExcite,2,H5_00780.ogg,H5_00836.ogg,
Ladylike,FellatioExcite,2,H5_00781.ogg,H5_00837.ogg,
Ladylike,FellatioExcite,2,H5_adult_55715.ogg,H5_adult_55771.ogg,
Ladylike,FellatioExcite,2,H5_adult_55716.ogg,H5_adult_55772.ogg,
Ladylike,FellatioExcite,3,H5_00782.ogg,H5_00838.ogg,
Ladylike,FellatioExcite,3,H5_00783.ogg,H5_00839.ogg,
Ladylike,FellatioExcite,3,H5_adult_55717.ogg,H5_adult_55773.ogg,
Ladylike,FellatioExcite,3,H5_adult_55718.ogg,H5_adult_55774.ogg,
Ladylike,LickJob,0,H5_00760.ogg,H5_00760.ogg,
Ladylike,LickJob,0,H5_00761.ogg,H5_00761.ogg,
Ladylike,LickJob,0,H5_adult_55695.ogg,H5_adult_55695.ogg,
Ladylike,LickJob,0,H5_adult_55696.ogg,H5_adult_55696.ogg,
Ladylike,LickJob,1,H5_00762.ogg,H5_00762.ogg,
Ladylike,LickJob,1,H5_00763.ogg,H5_00763.ogg,
Ladylike,LickJob,1,H5_adult_55697.ogg,H5_adult_55697.ogg,
Ladylike,LickJob,1,H5_adult_55698.ogg,H5_adult_55698.ogg,
Ladylike,LickJob,2,H5_00764.ogg,H5_00764.ogg,
Ladylike,LickJob,2,H5_00765.ogg,H5_00765.ogg,
Ladylike,LickJob,2,H5_adult_55699.ogg,H5_adult_55699.ogg,
Ladylike,LickJob,2,H5_adult_55700.ogg,H5_adult_55700.ogg,
Ladylike,LickJob,3,H5_00766.ogg,H5_00766.ogg,
Ladylike,LickJob,3,H5_00767.ogg,H5_00767.ogg,
Ladylike,LickJob,3,H5_adult_55701.ogg,H5_adult_55701.ogg,
Ladylike,LickJob,3,H5_adult_55702.ogg,H5_adult_55702.ogg,
Ladylike,PistonCry,0,H5_00600.ogg,H5_00808.ogg,
Ladylike,PistonCry,0,H5_00601.ogg,H5_00809.ogg,
Ladylike,PistonCry,0,H5_adult_55535.ogg,H5_adult_55743.ogg,
Ladylike,PistonCry,0,H5_adult_55536.ogg,H5_adult_55744.ogg,
Ladylike,PistonCry,1,H5_00602.ogg,H5_00810.ogg,
Ladylike,PistonCry,1,H5_00603.ogg,H5_00811.ogg,
Ladylike,PistonCry,1,H5_adult_55537.ogg,H5_adult_55745.ogg,
Ladylike,PistonCry,1,H5_adult_55538.ogg,H5_adult_55746.ogg,
Ladylike,PistonCry,2,H5_00604.ogg,H5_00812.ogg,
Ladylike,PistonCry,2,H5_00605.ogg,H5_00813.ogg,
Ladylike,PistonCry,2,H5_adult_55539.ogg,H5_adult_55747.ogg,
Ladylike,PistonCry,2,H5_adult_55540.ogg,H5_adult_55748.ogg,
Ladylike,PistonCry,3,H5_00606.ogg,H5_00814.ogg,
Ladylike,PistonCry,3,H5_00607.ogg,H5_00815.ogg,
Ladylike,PistonCry,3,H5_adult_55541.ogg,H5_adult_55749.ogg,
Ladylike,PistonCry,3,H5_adult_55542.ogg,H5_adult_55750.ogg,
Ladylike,SMSubmission,0,H5_00712.ogg,H5_00712.ogg,
Ladylike,SMSubmission,0,H5_00713.ogg,H5_00713.ogg,
Ladylike,SMSubmission,0,H5_adult_55647.ogg,H5_adult_55647.ogg,
Ladylike,SMSubmission,0,H5_adult_55648.ogg,H5_adult_55648.ogg,
Ladylike,SMSubmission,1,H5_00714.ogg,H5_00714.ogg,
Ladylike,SMSubmission,1,H5_00715.ogg,H5_00715.ogg,
Ladylike,SMSubmission,1,H5_adult_55649.ogg,H5_adult_55649.ogg,
Ladylike,SMSubmission,1,H5_adult_55650.ogg,H5_adult_55650.ogg,
Ladylike,SMSubmission,2,H5_00716.ogg,H5_00716.ogg,
Ladylike,SMSubmission,2,H5_00717.ogg,H5_00717.ogg,
Ladylike,SMSubmission,2,H5_adult_55651.ogg,H5_adult_55651.ogg,
Ladylike,SMSubmission,2,H5_adult_55652.ogg,H5_adult_55652.ogg,
Ladylike,SMSubmission,3,H5_00718.ogg,H5_00718.ogg,
Ladylike,SMSubmission,3,H5_00719.ogg,H5_00719.ogg,
Ladylike,SMSubmission,3,H5_adult_55653.ogg,H5_adult_55653.ogg,
Ladylike,SMSubmission,3,H5_adult_55654.ogg,H5_adult_55654.ogg,
Ladylike,FellatioDrunk,0,H5_00744.ogg,H5_00832.ogg,
Ladylike,FellatioDrunk,0,H5_00745.ogg,H5_00833.ogg,
Ladylike,FellatioDrunk,0,H5_adult_55679.ogg,H5_adult_55767.ogg,
Ladylike,FellatioDrunk,0,H5_adult_55680.ogg,H5_adult_55768.ogg,
Ladylike,FellatioDrunk,1,H5_00746.ogg,H5_00834.ogg,
Ladylike,FellatioDrunk,1,H5_00747.ogg,H5_00835.ogg,
Ladylike,FellatioDrunk,1,H5_adult_55681.ogg,H5_adult_55769.ogg,
Ladylike,FellatioDrunk,1,H5_adult_55682.ogg,H5_adult_55770.ogg,
Ladylike,FellatioDrunk,2,H5_00748.ogg,H5_00836.ogg,
Ladylike,FellatioDrunk,2,H5_00749.ogg,H5_00837.ogg,
Ladylike,FellatioDrunk,2,H5_adult_55683.ogg,H5_adult_55771.ogg,
Ladylike,FellatioDrunk,2,H5_adult_55684.ogg,H5_adult_55772.ogg,
Ladylike,FellatioDrunk,3,H5_00750.ogg,H5_00838.ogg,
Ladylike,FellatioDrunk,3,H5_00751.ogg,H5_00839.ogg,
Ladylike,FellatioDrunk,3,H5_adult_55685.ogg,H5_adult_55773.ogg,
Ladylike,FellatioDrunk,3,H5_adult_55686.ogg,H5_adult_55774.ogg,
Ladylike,Waiting,0,H5_00696.ogg,H5_00696.ogg,
Ladylike,Waiting,0,H5_00697.ogg,H5_00697.ogg,
Ladylike,Waiting,1,H5_00698.ogg,H5_00698.ogg,
Ladylike,Waiting,1,H5_00699.ogg,H5_00699.ogg,
Ladylike,Waiting,2,H5_00700.ogg,H5_00700.ogg,
Ladylike,Waiting,2,H5_00701.ogg,H5_00701.ogg,
Ladylike,Waiting,3,H5_00702.ogg,H5_00702.ogg,
Ladylike,Waiting,3,H5_00703.ogg,H5_00703.ogg,
Ladylike,FellatioBitch,0,H5_pink_62361.ogg,H5_pink_62460.ogg,
Ladylike,FellatioBitch,0,H5_pink_62362.ogg,H5_pink_62461.ogg,
Ladylike,FellatioBitch,0,H5_pink_62363.ogg,H5_pink_62462.ogg,
Ladylike,FellatioBitch,0,H5_pink_62364.ogg,H5_pink_62463.ogg,
Ladylike,FellatioBitch,1,H5_pink_62365.ogg,H5_pink_62464.ogg,
Ladylike,FellatioBitch,1,H5_pink_62366.ogg,H5_pink_62465.ogg,
Ladylike,FellatioBitch,1,H5_pink_62367.ogg,H5_pink_62466.ogg,
Ladylike,FellatioBitch,1,H5_pink_62368.ogg,H5_pink_62467.ogg,
Ladylike,FellatioBitch,2,H5_pink_62369.ogg,H5_pink_62468.ogg,
Ladylike,FellatioBitch,2,H5_pink_62370.ogg,H5_pink_62469.ogg,
Ladylike,FellatioBitch,2,H5_pink_62371.ogg,H5_pink_62470.ogg,
Ladylike,FellatioBitch,2,H5_pink_62372.ogg,H5_pink_62471.ogg,
Ladylike,FellatioBitch,3,H5_pink_62373.ogg,H5_pink_62472.ogg,
Ladylike,FellatioBitch,3,H5_pink_62374.ogg,H5_pink_62473.ogg,
Ladylike,FellatioBitch,3,H5_pink_62375.ogg,H5_pink_62474.ogg,
Ladylike,FellatioBitch,3,H5_pink_62376.ogg,H5_pink_62475.ogg,
Ladylike,LickJobBitch,0,H5_pink_62345.ogg,H5_pink_62444.ogg,
Ladylike,LickJobBitch,0,H5_pink_62346.ogg,H5_pink_62445.ogg,
Ladylike,LickJobBitch,1,H5_pink_62347.ogg,H5_pink_62446.ogg,
Ladylike,LickJobBitch,1,H5_pink_62348.ogg,H5_pink_62447.ogg,
Ladylike,LickJobBitch,2,H5_pink_62349.ogg,H5_pink_62452.ogg,
Ladylike,LickJobBitch,2,H5_pink_62350.ogg,H5_pink_62453.ogg,
Ladylike,LickJobBitch,3,H5_pink_62351.ogg,H5_pink_62456.ogg,
Ladylike,LickJobBitch,3,H5_pink_62352.ogg,H5_pink_62457.ogg,
Ladylike,PistonBitch,0,H5_pink_62377.ogg,H5_pink_62476.ogg,
Ladylike,PistonBitch,0,H5_pink_62378.ogg,H5_pink_62477.ogg,
Ladylike,PistonBitch,0,H5_pink_62379.ogg,H5_pink_62478.ogg,
Ladylike,PistonBitch,0,H5_pink_62380.ogg,H5_pink_62479.ogg,
Ladylike,PistonBitch,1,H5_pink_62381.ogg,H5_pink_62480.ogg,
Ladylike,PistonBitch,1,H5_pink_62382.ogg,H5_pink_62481.ogg,
Ladylike,PistonBitch,1,H5_pink_62383.ogg,H5_pink_62482.ogg,
Ladylike,PistonBitch,1,H5_pink_62384.ogg,H5_pink_62483.ogg,
Ladylike,PistonBitch,2,H5_pink_62385.ogg,H5_pink_62484.ogg,
Ladylike,PistonBitch,2,H5_pink_62386.ogg,H5_pink_62485.ogg,
Ladylike,PistonBitch,2,H5_pink_62387.ogg,H5_pink_62486.ogg,
Ladylike,PistonBitch,2,H5_pink_62388.ogg,H5_pink_62487.ogg,
Ladylike,PistonBitch,3,H5_pink_62389.ogg,H5_pink_62488.ogg,
Ladylike,PistonBitch,3,H5_pink_62390.ogg,H5_pink_62489.ogg,
Ladylike,PistonBitch,3,H5_pink_62391.ogg,H5_pink_62490.ogg,
Ladylike,PistonBitch,3,H5_pink_62392.ogg,H5_pink_62491.ogg,
Ladylike,KissBitch,0,H5_pink_62329.ogg,H5_pink_62428.ogg,
Ladylike,KissBitch,0,H5_pink_62330.ogg,H5_pink_62429.ogg,
Ladylike,KissBitch,0,H5_pink_62331.ogg,H5_pink_62430.ogg,
Ladylike,KissBitch,0,H5_pink_62332.ogg,H5_pink_62431.ogg,
Ladylike,KissBitch,1,H5_pink_62333.ogg,H5_pink_62432.ogg,
Ladylike,KissBitch,1,H5_pink_62334.ogg,H5_pink_62433.ogg,
Ladylike,KissBitch,1,H5_pink_62335.ogg,H5_pink_62434.ogg,
Ladylike,KissBitch,1,H5_pink_62336.ogg,H5_pink_62435.ogg,
Ladylike,KissBitch,2,H5_pink_62337.ogg,H5_pink_62436.ogg,
Ladylike,KissBitch,2,H5_pink_62338.ogg,H5_pink_62437.ogg,
Ladylike,KissBitch,2,H5_pink_62339.ogg,H5_pink_62438.ogg,
Ladylike,KissBitch,2,H5_pink_62340.ogg,H5_pink_62439.ogg,
Ladylike,KissBitch,3,H5_pink_62341.ogg,H5_pink_62440.ogg,
Ladylike,KissBitch,3,H5_pink_62342.ogg,H5_pink_62441.ogg,
Ladylike,KissBitch,3,H5_pink_62343.ogg,H5_pink_62442.ogg,
Ladylike,KissBitch,3,H5_pink_62344.ogg,H5_pink_62443.ogg,
Ladylike,WaitingBitch,0,H5_pink_62393.ogg,H5_pink_62393.ogg,
Ladylike,WaitingBitch,0,H5_pink_62394.ogg,H5_pink_62394.ogg,
Ladylike,WaitingBitch,0,H5_pink_62395.ogg,H5_pink_62395.ogg,
Ladylike,WaitingBitch,0,H5_pink_62396.ogg,H5_pink_62396.ogg,
Ladylike,WaitingBitch,1,H5_pink_62397.ogg,H5_pink_62397.ogg,
Ladylike,WaitingBitch,1,H5_pink_62398.ogg,H5_pink_62398.ogg,
Ladylike,WaitingBitch,1,H5_pink_62399.ogg,H5_pink_62399.ogg,
Ladylike,WaitingBitch,1,H5_pink_62400.ogg,H5_pink_62400.ogg,
Ladylike,WaitingBitch,2,H5_pink_62401.ogg,H5_pink_62401.ogg,
Ladylike,WaitingBitch,2,H5_pink_62402.ogg,H5_pink_62402.ogg,
Ladylike,WaitingBitch,2,H5_pink_62403.ogg,H5_pink_62403.ogg,
Ladylike,WaitingBitch,2,H5_pink_62404.ogg,H5_pink_62404.ogg,
Ladylike,WaitingBitch,3,H5_pink_62405.ogg,H5_pink_62405.ogg,
Ladylike,WaitingBitch,3,H5_pink_62406.ogg,H5_pink_62406.ogg,
Ladylike,WaitingBitch,3,H5_pink_62407.ogg,H5_pink_62407.ogg,
Ladylike,WaitingBitch,3,H5_pink_62408.ogg,H5_pink_62408.ogg,
