Personality,Type,FileName,StartTime,EndTime,dummy
Muku,Aibu,H0_X01_62795.ogg,0,5,
Muku,Aibu,H0_X01_62796.ogg,0,5,
Muku,Piston,H0_X01_62797.ogg,0,5,
Muku,Piston,H0_X01_62798.ogg,0,5,
Muku,Piston,H0_X01_62801.ogg,0,5,
Muku,Piston,H0_X01_62802.ogg,0,5,
Muku,Fellatio,H0_X01_62805.ogg,0,5,
Muku,Fellatio,H0_X01_62806.ogg,0,5,
Muku,FellatioFace,H0_X01_62807.ogg,0,5,
Muku,FellatioFace,H0_X01_62808.ogg,0,5,
Muku,3PFellatio,H0_X01_61902.ogg,0,5,
Muku,3PFellatio,H0_X01_61903.ogg,0,5,
Muku,3PFellatioFace,H0_X01_61904.ogg,0,5,
Muku,3PFellatioFace,H0_X01_61905.ogg,0,5,
Muku,DoublePenetration,H0_X01_61910.ogg,0,5,
Muku,DoublePenetration,H0_X01_61911.ogg,0,5,
Muku,DoublePenetration,H0_X01_61912.ogg,0,5,
Muku,DoublePenetration,H0_X01_61913.ogg,0,5,
Muku,Houshi,H0_04082.ogg,0,5,
Muku,Houshi,H0_04083.ogg,0,5,
Muku,4PFellatioMouthBitch,H0_pink_66668.ogg,0,5,
Muku,4PFellatioMouthBitch,H0_pink_66669.ogg,0,5,
Muku,4PFellatioFaceBitch,H0_pink_66670.ogg,0,5,
Muku,4PFellatioFaceBitch,H0_pink_66671.ogg,0,5,
Muku,4PBukkakeBitch,H0_pink_66693.ogg,0,5,
Muku,4PBukkakeBitch,H0_pink_66725.ogg,0,5,
Muku,PistonBitch,H0_pink_66677.ogg,0,5,
Muku,PistonBitch,H0_pink_66682.ogg,0,5,
Muku,PistonOho,H0_BL_64322.ogg,0,4,
Muku,PistonOho,H0_BL_64326.ogg,0,4.5,
Muku,PistonOho,H0_BL_64328.ogg,0,4.5,
Muku,PistonOho,H0_BL_64332.ogg,0,4.5,
Majime,Aibu,H1_X01_62166.ogg,0,4,
Majime,Aibu,H1_X01_62265.ogg,0,4.2,
Majime,Piston,H1_X01_62268.ogg,0,4,
Majime,Piston,H1_X01_62269.ogg,0,4,
Majime,Piston,H1_X01_62270.ogg,0,4,
Majime,Piston,H1_X01_62271.ogg,0,4,
Majime,Fellatio,H1_X01_62274.ogg,0,8,
Majime,Fellatio,H1_X01_62275.ogg,0,8,
Majime,FellatioFace,H1_X01_62276.ogg,0,6,
Majime,FellatioFace,H1_X01_62277.ogg,0,6.1,
Majime,3PFellatio,H1_X01_62378.ogg,0,6.6,
Majime,3PFellatio,H1_X01_62379.ogg,0,6.5,
Majime,3PFellatioFace,H1_X01_62380.ogg,0,4,
Majime,3PFellatioFace,H1_X01_62381.ogg,0,4.7,
Majime,DoublePenetration,H1_04023.ogg,0,6,
Majime,DoublePenetration,H1_04024.ogg,0,6.5,
Majime,DoublePenetration,H1_04025.ogg,0,4.9,
Majime,DoublePenetration,H1_X01_62389.ogg,0,5.3,
Majime,Houshi,H1_03977.ogg,0,4.9,
Majime,Houshi,H1_03978.ogg,0,5,
Majime,4PFellatioMouthBitch,H1_pink_66296.ogg,0,4.5,
Majime,4PFellatioMouthBitch,H1_pink_66297.ogg,0,4.5,
Majime,4PFellatioFaceBitch,H1_pink_66298.ogg,0,4,
Majime,4PFellatioFaceBitch,H1_pink_66299.ogg,0,4.5,
Majime,4PBukkakeBitch,H1_pink_66321.ogg,0,4.5,
Majime,4PBukkakeBitch,H1_pink_66353.ogg,0,4.5,
Majime,PistonBitch,H1_pink_66300.ogg,0,4,
Majime,PistonBitch,H1_pink_66305.ogg,0,4.5,
Majime,PistonOho,H1_BL_63788.ogg,0,4.5,
Majime,PistonOho,H1_BL_63790.ogg,0,4,
Majime,PistonOho,H1_BL_63893.ogg,0,4,
Majime,PistonOho,H1_BL_63909.ogg,0,3.5,
Rindere,Aibu,H2_X01_62259.ogg,0,4.7,
Rindere,Aibu,H2_X01_62260.ogg,0,5.2,
Rindere,Piston,H2_X01_62261.ogg,0,6,
Rindere,Piston,H2_X01_62262.ogg,0,6,
Rindere,Piston,H2_X01_62265.ogg,0,6,
Rindere,Piston,H2_X01_62266.ogg,0,6,
Rindere,Fellatio,H2_X01_62269.ogg,0,5.8,
Rindere,Fellatio,H2_X01_62270.ogg,0,5.3,
Rindere,FellatioFace,H2_X01_62271.ogg,0,5.2,
Rindere,FellatioFace,H2_X01_62272.ogg,0,4.5,
Rindere,3PFellatio,H2_X01_62373.ogg,0,5,
Rindere,3PFellatio,H2_X01_62374.ogg,0,5.5,
Rindere,3PFellatioFace,H2_X01_62375.ogg,0,5.5,
Rindere,3PFellatioFace,H2_X01_62376.ogg,0,5,
Rindere,DoublePenetration,H2_X01_62381.ogg,0,6,
Rindere,DoublePenetration,H2_X01_62382.ogg,0,5,
Rindere,DoublePenetration,H2_X01_62383.ogg,0,6,
Rindere,DoublePenetration,H2_X01_62384.ogg,0,5.5,
Rindere,Houshi,H2_01690.ogg,0,5.5,
Rindere,Houshi,H2_03255.ogg,0,5,
Rindere,4PFellatioMouthBitch,H2_pink_66304.ogg,0,5,
Rindere,4PFellatioMouthBitch,H2_pink_66305.ogg,0,5,
Rindere,4PFellatioFaceBitch,H2_pink_66306.ogg,0,5,
Rindere,4PFellatioFaceBitch,H2_pink_66307.ogg,0,5,
Rindere,4PBukkakeBitch,H2_pink_66329.ogg,0,5,
Rindere,4PBukkakeBitch,H2_pink_66361.ogg,0,6,
Rindere,PistonBitch,H2_pink_66308.ogg,0,6,
Rindere,PistonBitch,H2_pink_66310.ogg,0,6,
Rindere,PistonOho,H2_BL_63941.ogg,0,4.5,
Rindere,PistonOho,H2_BL_63943.ogg,0,6.5,
Rindere,PistonOho,H2_BL_63945.ogg,0,5,
Rindere,PistonOho,H2_BL_63947.ogg,0,3.8,
Pure,Aibu,S2_X1P_55923.ogg,0,5.5,
Pure,Aibu,S2_X1P_55924.ogg,0,5,
Pure,Piston,S2_X1P_55925.ogg,0,5,
Pure,Piston,S2_X1P_55926.ogg,0,5,
Pure,Piston,S2_X1P_55929.ogg,0,5,
Pure,Piston,S2_X1P_55930.ogg,0,5,
Pure,Fellatio,S2_X1P_55933.ogg,0,5,
Pure,Fellatio,S2_X1P_55934.ogg,0,5,
Pure,FellatioFace,S2_X1P_55935.ogg,0,6,
Pure,FellatioFace,S2_X1P_55936.ogg,0,4,
Pure,3PFellatio,S2_X1P_56037.ogg,0,5,
Pure,3PFellatio,S2_X1P_56038.ogg,0,6,
Pure,3PFellatioFace,S2_X1P_56039.ogg,0,5,
Pure,3PFellatioFace,S2_X1P_56040.ogg,0,5,
Pure,DoublePenetration,S2_X1P_56045.ogg,0,5,
Pure,DoublePenetration,S2_X1P_56046.ogg,0,5,
Pure,DoublePenetration,S2_X1P_56047.ogg,0,5,
Pure,DoublePenetration,S2_X1P_56048.ogg,0,5,
Pure,Houshi,S2_awah_51741.ogg,0,5,
Pure,Houshi,S2_awah_51742.ogg,0,6,
Pure,4PFellatioMouthBitch,S2_pink_59058.ogg,0,5,
Pure,4PFellatioMouthBitch,S2_pink_59059.ogg,0,3.5,
Pure,4PFellatioFaceBitch,S2_pink_59060.ogg,0,4.5,
Pure,4PFellatioFaceBitch,S2_pink_59061.ogg,0,4.5,
Pure,4PBukkakeBitch,S2_pink_59083.ogg,2.5,7,
Pure,4PBukkakeBitch,S2_pink_59115.ogg,2,6,
Pure,PistonBitch,S2_pink_59064.ogg,0,5,
Pure,PistonBitch,S2_pink_59067.ogg,0,5,
Pure,PistonOho,S2_BL_57347.ogg,0,5,
Pure,PistonOho,S2_BL_57349.ogg,0,5,
Pure,PistonOho,S2_BL_57351.ogg,0,5,
Pure,PistonOho,S2_BL_57353.ogg,0,5.5,
Pride,Aibu,S0_X1P_55870.ogg,0,5,
Pride,Aibu,S0_X1P_55871.ogg,0,5,
Pride,Piston,S0_X1P_55872.ogg,0,5,
Pride,Piston,S0_X1P_55873.ogg,0,5,
Pride,Piston,S0_X1P_55874.ogg,0,5,
Pride,Piston,S0_X1P_55875.ogg,0,4.7,
Pride,Fellatio,S0_X1P_55880.ogg,0,5,
Pride,Fellatio,S0_X1P_55881.ogg,0,5,
Pride,FellatioFace,S0_X1P_55882.ogg,0,5,
Pride,FellatioFace,S0_X1P_55883.ogg,0,5,
Pride,3PFellatio,S0_X1P_55984.ogg,0,5,
Pride,3PFellatio,S0_X1P_55985.ogg,0,5,
Pride,3PFellatioFace,S0_X1P_55986.ogg,0,5,
Pride,3PFellatioFace,S0_X1P_55987.ogg,0,5,
Pride,DoublePenetration,S0_X1P_55992.ogg,0,5,
Pride,DoublePenetration,S0_X1P_55993.ogg,0,5,
Pride,DoublePenetration,S0_X1P_55994.ogg,0,5,
Pride,DoublePenetration,S0_X1P_55995.ogg,0,5,
Pride,Houshi,S0_101293.ogg,0,5,
Pride,Houshi,S0_101294.ogg,0,5,
Pride,4PFellatioMouthBitch,S0_pink_59113.ogg,0,4.5,
Pride,4PFellatioMouthBitch,S0_pink_59114.ogg,0,4.5,
Pride,4PFellatioFaceBitch,S0_pink_59115.ogg,0,4.5,
Pride,4PFellatioFaceBitch,S0_pink_59116.ogg,0,4.5,
Pride,4PBukkakeBitch,S0_pink_59138.ogg,0,5,
Pride,4PBukkakeBitch,S0_pink_59170.ogg,0,5,
Pride,PistonBitch,S0_pink_59117.ogg,0,4,
Pride,PistonBitch,S0_pink_59119.ogg,0,4,
Pride,PistonOho,S0_BL_57413.ogg,0,4.5,
Pride,PistonOho,S0_BL_57415.ogg,0,4.5,
Pride,PistonOho,S0_BL_57417.ogg,0,4.5,
Pride,PistonOho,S0_BL_57419.ogg,0,4.5,
Cool,Aibu,S1_X1P_56298.ogg,0,4.5,
Cool,Aibu,S1_X1P_56299.ogg,0,4,
Cool,Piston,S1_X1P_56398.ogg,0,5,
Cool,Piston,S1_X1P_56399.ogg,0,4.5,
Cool,Piston,S1_X1P_56402.ogg,0,4.5,
Cool,Piston,S1_X1P_56403.ogg,0,4.5,
Cool,Fellatio,S1_X1P_56406.ogg,0,4.5,
Cool,Fellatio,S1_X1P_56407.ogg,0,4.5,
Cool,FellatioFace,S1_X1P_56408.ogg,0,3.7,
Cool,FellatioFace,S1_X1P_56409.ogg,0,4.7,
Cool,3PFellatio,S1_X1P_56510.ogg,0,4.5,
Cool,3PFellatio,S1_X1P_56511.ogg,0,4.8,
Cool,3PFellatioFace,S1_X1P_56512.ogg,0,4.8,
Cool,3PFellatioFace,S1_X1P_56513.ogg,0,4.5,
Cool,DoublePenetration,S1_X1P_56518.ogg,0,4.5,
Cool,DoublePenetration,S1_X1P_56519.ogg,0,4.2,
Cool,DoublePenetration,S1_X1P_56520.ogg,0,4,
Cool,DoublePenetration,S1_X1P_56521.ogg,0,4,
Cool,Houshi,S1_GP01_106206.ogg,0,5,
Cool,Houshi,S1_GP01_106207.ogg,0,5,
Cool,4PFellatioMouthBitch,S1_pink_59398.ogg,0,5,
Cool,4PFellatioMouthBitch,S1_pink_59399.ogg,0,5,
Cool,4PFellatioFaceBitch,S1_pink_59400.ogg,0,5,
Cool,4PFellatioFaceBitch,S1_pink_59401.ogg,0,4,
Cool,4PBukkakeBitch,S1_pink_59423.ogg,0,5,
Cool,4PBukkakeBitch,S1_pink_59455.ogg,0,5,
Cool,PistonBitch,S1_pink_59402.ogg,0,4.5,
Cool,PistonBitch,S1_pink_59404.ogg,0,4,
Cool,PistonOho,S1_BL_57813.ogg,0,4.5,
Cool,PistonOho,S1_BL_57815.ogg,0,3.8,
Cool,PistonOho,S1_BL_57821.ogg,0,4.5,
Cool,PistonOho,S1_BL_57823.ogg,0,4.5,
Yandere,Aibu,S3_X1P_54003.ogg,0,5,
Yandere,Aibu,S3_X1P_54004.ogg,0,4.7,
Yandere,Piston,S3_X1P_54007.ogg,0,5.6,
Yandere,Piston,S3_X1P_54008.ogg,0,5,
Yandere,Piston,S3_X1P_54009.ogg,0,4,
Yandere,Piston,S3_X1P_54010.ogg,0,5,
Yandere,Fellatio,S3_X1P_54013.ogg,0,7,
Yandere,Fellatio,S3_X1P_54014.ogg,0,7.5,
Yandere,FellatioFace,S3_X1P_54015.ogg,0,7.5,
Yandere,FellatioFace,S3_X1P_54016.ogg,0,7.5,
Yandere,3PFellatio,S3_X1P_54117.ogg,0,7.5,
Yandere,3PFellatio,S3_X1P_54118.ogg,0,5.6,
Yandere,3PFellatioFace,S3_X1P_54119.ogg,0,7,
Yandere,3PFellatioFace,S3_X1P_54120.ogg,0,6.5,
Yandere,DoublePenetration,S3_X1P_54125.ogg,0,7,
Yandere,DoublePenetration,S3_X1P_54126.ogg,0,6,
Yandere,DoublePenetration,S3_X1P_54127.ogg,0,7,
Yandere,DoublePenetration,S3_X1P_54128.ogg,0,7,
Yandere,Houshi,S3_YNDR_55847.ogg,0,6.4,
Yandere,Houshi,S3_YNDR_55848.ogg,0,7,
Yandere,4PFellatioMouthBitch,S3_pink_58848.ogg,0,5,
Yandere,4PFellatioMouthBitch,S3_pink_58849.ogg,0,6,
Yandere,4PFellatioFaceBitch,S3_pink_58850.ogg,0,8.5,
Yandere,4PFellatioFaceBitch,S3_pink_58851.ogg,0,8.5,
Yandere,4PBukkakeBitch,S3_pink_58889.ogg,0,6,
Yandere,4PBukkakeBitch,S3_pink_58921.ogg,0,7,
Yandere,PistonBitch,S3_pink_58852.ogg,0,5,
Yandere,PistonBitch,S3_pink_58854.ogg,0,7.2,
Yandere,PistonOho,S3_BL_55294.ogg,0,5.5,
Yandere,PistonOho,S3_BL_55296.ogg,0,4.5,
Yandere,PistonOho,S3_BL_55302.ogg,0,4.5,
Yandere,PistonOho,S3_BL_55304.ogg,0,4.5,
Anesan,Aibu,S4_X1P_53404.ogg,0,3.9,
Anesan,Aibu,S4_X1P_53405.ogg,0,3.9,
Anesan,Piston,S4_X1P_53406.ogg,0,3.9,
Anesan,Piston,S4_X1P_53407.ogg,0,3.9,
Anesan,Piston,S4_X1P_53410.ogg,0,3.9,
Anesan,Piston,S4_X1P_53411.ogg,0,3.9,
Anesan,Fellatio,S4_X1P_53414.ogg,0,5.9,
Anesan,Fellatio,S4_X1P_53415.ogg,0,6.9,
Anesan,FellatioFace,S4_X1P_53416.ogg,0,4.5,
Anesan,FellatioFace,S4_X1P_53417.ogg,0,4,
Anesan,3PFellatio,S4_X1P_53518.ogg,0,5.4,
Anesan,3PFellatio,S4_X1P_53519.ogg,0,4.4,
Anesan,3PFellatioFace,S4_X1P_53520.ogg,0,4.7,
Anesan,3PFellatioFace,S4_X1P_53521.ogg,0,4,
Anesan,DoublePenetration,S4_X1P_53526.ogg,0,5,
Anesan,DoublePenetration,S4_X1P_53527.ogg,0,5,
Anesan,DoublePenetration,S4_X1P_53528.ogg,0,7.2,
Anesan,DoublePenetration,S4_X1P_53529.ogg,0,6.1,
Anesan,Houshi,S4_ANECH_57379.ogg,0,6,
Anesan,Houshi,S4_ANECH_57380.ogg,0,5.3,
Anesan,4PFellatioMouthBitch,S4_pink_59852.ogg,0,4.5,
Anesan,4PFellatioMouthBitch,S4_pink_59853.ogg,0,5,
Anesan,4PFellatioFaceBitch,S4_pink_59854.ogg,0,5.5,
Anesan,4PFellatioFaceBitch,S4_pink_59855.ogg,0,6,
Anesan,4PBukkakeBitch,S4_pink_59893.ogg,0,6,
Anesan,4PBukkakeBitch,S4_pink_59925.ogg,0,6,
Anesan,PistonBitch,S4_pink_59861.ogg,0,3.5,
Anesan,PistonBitch,S4_pink_59865.ogg,0,4.3,
Anesan,PistonOho,S4_BL_55984.ogg,0,3.8,
Anesan,PistonOho,S4_BL_55986.ogg,0,3.3,
Anesan,PistonOho,S4_BL_55992.ogg,0,3,
Anesan,PistonOho,S4_BL_55994.ogg,0,4,
Genki,Aibu,S5_X1P_52415.ogg,0,5.7,
Genki,Aibu,S5_X1P_52416.ogg,0,5.8,
Genki,Piston,S5_X1P_52743.ogg,0,6.3,
Genki,Piston,S5_X1P_52750.ogg,0,5.5,
Genki,Piston,S5_X1P_52650.ogg,0,5,
Genki,Piston,S5_X1P_52651.ogg,0,5.5,
Genki,Fellatio,S5_X1P_52751.ogg,0,5,
Genki,Fellatio,S5_X1P_52654.ogg,0,5,
Genki,FellatioFace,S5_X1P_52753.ogg,0,5.7,
Genki,FellatioFace,S5_X1P_52754.ogg,0,5,
Genki,3PFellatio,S5_X1P_52855.ogg,0,4.4,
Genki,3PFellatio,S5_X1P_52856.ogg,0,5.4,
Genki,3PFellatioFace,S5_X1P_52857.ogg,0,5.4,
Genki,3PFellatioFace,S5_X1P_52858.ogg,0,5.1,
Genki,DoublePenetration,S5_ry_60510.ogg,0,6.1,
Genki,DoublePenetration,S5_X1P_52864.ogg,0,6.1,
Genki,DoublePenetration,S5_ry_60512.ogg,0,5.6,
Genki,DoublePenetration,S5_X1P_52866.ogg,0,5.6,
Genki,Houshi,S5_102792.ogg,0,6.4,
Genki,Houshi,S5_102793.ogg,0,6.2,
Genki,4PFellatioMouthBitch,S5_X1P_52855.ogg,0,4.4,
Genki,4PFellatioMouthBitch,S5_X1P_52856.ogg,0,5.4,
Genki,4PFellatioFaceBitch,S5_X1P_52857.ogg,0,5.4,
Genki,4PFellatioFaceBitch,S5_X1P_52858.ogg,0,5.1,
Genki,4PBukkakeBitch,S5_X1P_52857.ogg,0,5.4,
Genki,4PBukkakeBitch,S5_X1P_52858.ogg,0,5.1,
Genki,PistonBitch,S5_X1P_52743.ogg,0,6.3,
Genki,PistonBitch,S5_X1P_52750.ogg,0,5.5,
Genki,PistonOho,S5_BL_55265.ogg,0,6,
Genki,PistonOho,S5_BL_55267.ogg,0,5.5,
Genki,PistonOho,S5_BL_55273.ogg,0,6,
Genki,PistonOho,S5_BL_55275.ogg,0,6,
Sadist,Aibu,S6_X1P_53434.ogg,0,5.7,
Sadist,Aibu,S6_X1P_53435.ogg,0,5.7,
Sadist,Piston,S6_X1P_53438.ogg,0,5.7,
Sadist,Piston,S6_X1P_53439.ogg,0,5.7,
Sadist,Piston,S6_X1P_53440.ogg,0,5.7,
Sadist,Piston,S6_X1P_53441.ogg,0,5.7,
Sadist,Fellatio,S6_X1P_53444.ogg,0,5.4,
Sadist,Fellatio,S6_X1P_53445.ogg,0,5.4,
Sadist,FellatioFace,S6_X1P_53446.ogg,0,5.4,
Sadist,FellatioFace,S6_X1P_53447.ogg,0,5.4,
Sadist,3PFellatio,S6_101209.ogg,0,5.4,
Sadist,3PFellatio,S6_X1P_53549.ogg,0,5.4,
Sadist,3PFellatioFace,S6_X1P_53550.ogg,0,5.4,
Sadist,3PFellatioFace,S6_X1P_53551.ogg,0,5.4,
Sadist,DoublePenetration,S6_X1P_53556.ogg,0,5.4,
Sadist,DoublePenetration,S6_X1P_53557.ogg,0,5.4,
Sadist,DoublePenetration,S6_X1P_53558.ogg,0,5.4,
Sadist,DoublePenetration,S6_X1P_53559.ogg,0,5.4,
Sadist,Houshi,S6_awah_51063.ogg,0,5.4,
Sadist,Houshi,S6_awah_51064.ogg,0,5.4,
Sadist,4PFellatioMouthBitch,S6_101209.ogg,0,5.4,
Sadist,4PFellatioMouthBitch,S6_X1P_53549.ogg,0,5.4,
Sadist,4PFellatioFaceBitch,S6_X1P_53550.ogg,0,5.4,
Sadist,4PFellatioFaceBitch,S6_X1P_53551.ogg,0,5.4,
Sadist,4PBukkakeBitch,S6_X1P_53550.ogg,0,5.4,
Sadist,4PBukkakeBitch,S6_X1P_53551.ogg,0,5.4,
Sadist,PistonBitch,S6_X1P_53438.ogg,0,5.7,
Sadist,PistonBitch,S6_X1P_53439.ogg,0,5.7,
Sadist,PistonOho,S6_BL_56528.ogg,0,5.5,
Sadist,PistonOho,S6_BL_56534.ogg,0,5.5,
Sadist,PistonOho,S6_BL_56538.ogg,0,5.5,
Sadist,PistonOho,S6_BL_56544.ogg,0,5.5,
Silent,Aibu,H3_X01_53984.ogg,0,5.4,
Silent,Aibu,H3_X01_53985.ogg,0,5.9,
Silent,Piston,H3_X01_53986.ogg,0,5.9,
Silent,Piston,H3_X01_53987.ogg,0,5.9,
Silent,Piston,H3_X01_53990.ogg,0,5.9,
Silent,Piston,H3_X01_53991.ogg,0,5.9,
Silent,Fellatio,H3_X01_53994.ogg,0,5.9,
Silent,Fellatio,H3_X01_53995.ogg,0,6.9,
Silent,FellatioFace,H3_X01_53996.ogg,0,5.9,
Silent,FellatioFace,H3_X01_53997.ogg,0,5.9,
Silent,3PFellatio,H3_X01_54098.ogg,0,5.9,
Silent,3PFellatio,H3_X01_54099.ogg,0,5.9,
Silent,3PFellatioFace,H3_X01_54100.ogg,0,5.9,
Silent,3PFellatioFace,H3_X01_54101.ogg,0,6.4,
Silent,DoublePenetration,H3_X01_54106.ogg,0,6.4,
Silent,DoublePenetration,H3_X01_54107.ogg,0,6.4,
Silent,DoublePenetration,H3_X01_54108.ogg,0,6.4,
Silent,DoublePenetration,H3_X01_54109.ogg,0,6.4,
Silent,Houshi,H3_02860.ogg,0,5,
Silent,Houshi,H3_02861.ogg,0,5,
Silent,4PFellatioMouthBitch,H3_pink_62331.ogg,0,6,
Silent,4PFellatioMouthBitch,H3_pink_62347.ogg,0,6,
Silent,4PFellatioFaceBitch,H3_pink_62333.ogg,0,6,
Silent,4PFellatioFaceBitch,H3_pink_62349.ogg,0,6,
Silent,4PBukkakeBitch,H3_pink_62372.ogg,0,6,
Silent,4PBukkakeBitch,H3_pink_62404.ogg,0,6,
Silent,PistonBitch,H3_pink_62335.ogg,0,6,
Silent,PistonBitch,H3_pink_62337.ogg,0,6,
Silent,PistonOho,H3_BL_58275.ogg,0,6,
Silent,PistonOho,H3_BL_58277.ogg,0,6,
Silent,PistonOho,H3_BL_58279.ogg,0,5.5,
Silent,PistonOho,H3_BL_58283.ogg,0,5.5,
Devilish,Aibu,H4_X01_54531.ogg,0,5.5,
Devilish,Aibu,H4_X01_54532.ogg,0,5,
Devilish,Piston,H4_X01_54533.ogg,0,5,
Devilish,Piston,H4_X01_54534.ogg,0,5,
Devilish,Piston,H4_X01_54537.ogg,0,5,
Devilish,Piston,H4_X01_54538.ogg,0,5,
Devilish,Fellatio,H4_X01_54541.ogg,0,6.2,
Devilish,Fellatio,H4_X01_54542.ogg,0,5.2,
Devilish,FellatioFace,H4_X01_54543.ogg,0,5,
Devilish,FellatioFace,H4_X01_54544.ogg,0,4.5,
Devilish,3PFellatio,H4_X01_54645.ogg,0,5,
Devilish,3PFellatio,H4_X01_54646.ogg,0,5,
Devilish,3PFellatioFace,H4_X01_54647.ogg,0,5.5,
Devilish,3PFellatioFace,H4_X01_54648.ogg,0,5.5,
Devilish,DoublePenetration,H4_X01_54653.ogg,0,5,
Devilish,DoublePenetration,H4_X01_54654.ogg,0,5,
Devilish,DoublePenetration,H4_X01_54655.ogg,0,5,
Devilish,DoublePenetration,H4_X01_54656.ogg,0,4.3,
Devilish,Houshi,H4_06641.ogg,0,4.3,
Devilish,Houshi,H4_06642.ogg,0,4.3,
Devilish,4PFellatioMouthBitch,H4_pink_62249.ogg,0,4,
Devilish,4PFellatioMouthBitch,H4_pink_62265.ogg,0,4,
Devilish,4PFellatioFaceBitch,H4_pink_62251.ogg,0,4,
Devilish,4PFellatioFaceBitch,H4_pink_62267.ogg,0,5.5,
Devilish,4PBukkakeBitch,H4_pink_62290.ogg,0,5.5,
Devilish,4PBukkakeBitch,H4_pink_62322.ogg,0,5.5,
Devilish,PistonBitch,H4_pink_62255.ogg,0,5,
Devilish,PistonBitch,H4_pink_62259.ogg,0,4.5,
Devilish,PistonOho,H4_BL_58654.ogg,0,5.5,
Devilish,PistonOho,H4_BL_58662.ogg,0,5,
Devilish,PistonOho,H4_BL_58670.ogg,0,5,
Devilish,PistonOho,H4_BL_58777.ogg,0,4.5,
Ladylike,Aibu,H5_X01_53914.ogg,0,5,
Ladylike,Aibu,H5_X01_53915.ogg,0,6,
Ladylike,Piston,H5_X01_53916.ogg,0,6,
Ladylike,Piston,H5_X01_53917.ogg,0,6,
Ladylike,Piston,H5_X01_53920.ogg,0,6,
Ladylike,Piston,H5_X01_53921.ogg,0,6,
Ladylike,Fellatio,H5_X01_53924.ogg,0,6,
Ladylike,Fellatio,H5_X01_53925.ogg,0,6,
Ladylike,FellatioFace,H5_X01_53926.ogg,0,6,
Ladylike,FellatioFace,H5_X01_53927.ogg,0,6,
Ladylike,3PFellatio,H5_X01_54028.ogg,0,6,
Ladylike,3PFellatio,H5_X01_54029.ogg,0,6,
Ladylike,3PFellatioFace,H5_X01_54030.ogg,0,6,
Ladylike,3PFellatioFace,H5_X01_54031.ogg,0,6,
Ladylike,DoublePenetration,H5_X01_54036.ogg,0,6,
Ladylike,DoublePenetration,H5_X01_54037.ogg,0,6,
Ladylike,DoublePenetration,H5_X01_54038.ogg,0,6,
Ladylike,DoublePenetration,H5_X01_54039.ogg,0,6,
Ladylike,Houshi,H5_02140.ogg,0,5.5,
Ladylike,Houshi,H5_02141.ogg,0,5.3,
Ladylike,4PFellatioMouthBitch,H5_pink_62233.ogg,0,5.5,
Ladylike,4PFellatioMouthBitch,H5_pink_62249.ogg,0,5.5,
Ladylike,4PFellatioFaceBitch,H5_pink_62235.ogg,0,5.5,
Ladylike,4PFellatioFaceBitch,H5_pink_62251.ogg,0,5.5,
Ladylike,4PBukkakeBitch,H5_pink_62274.ogg,0,6,
Ladylike,4PBukkakeBitch,H5_pink_62306.ogg,0,6,
Ladylike,PistonBitch,H5_pink_62237.ogg,0,6,
Ladylike,PistonBitch,H5_pink_62239.ogg,0,6,
Ladylike,PistonOho,H5_BL_58137.ogg,0,6,
Ladylike,PistonOho,H5_BL_58147.ogg,0,6,
Ladylike,PistonOho,H5_BL_58153.ogg,0,6,
Ladylike,PistonOho,H5_BL_58155.ogg,0,6,
Secretary,Aibu,H6_X1P_54909.ogg,0,5,
Secretary,Aibu,H6_X1P_54910.ogg,0,5,
Secretary,Piston,H6_X1P_54911.ogg,0,5,
Secretary,Piston,H6_X1P_54916.ogg,0,5,
Secretary,Piston,H6_X1P_54917.ogg,0,5,
Secretary,Piston,H6_X1P_54918.ogg,0,5,
Secretary,Fellatio,H6_X1P_54919.ogg,0,5.5,
Secretary,Fellatio,H6_X1P_54920.ogg,0,5.5,
Secretary,FellatioFace,H6_X1P_54921.ogg,0,5.5,
Secretary,FellatioFace,H6_X1P_54922.ogg,0,5.5,
Secretary,3PFellatio,H6_X1P_55023.ogg,0,5.5,
Secretary,3PFellatio,H6_X1P_55024.ogg,0,5.5,
Secretary,3PFellatioFace,H6_X1P_55025.ogg,0,5.5,
Secretary,3PFellatioFace,H6_X1P_55026.ogg,0,5.5,
Secretary,DoublePenetration,H6_Ran_13219.ogg,0,5.5,
Secretary,DoublePenetration,H6_X1P_55032.ogg,0,5.5,
Secretary,DoublePenetration,H6_X1P_55033.ogg,0,5.5,
Secretary,DoublePenetration,H6_X1P_55034.ogg,0,5.5,
Secretary,Houshi,H6_03652.ogg,0,5,
Secretary,Houshi,H6_03654.ogg,0,5,
Secretary,4PFellatioMouthBitch,H6_pink_62714.ogg,0,4.5,
Secretary,4PFellatioMouthBitch,H6_pink_62730.ogg,0,5.5,
Secretary,4PFellatioFaceBitch,H6_pink_62716.ogg,0,5.5,
Secretary,4PFellatioFaceBitch,H6_pink_62732.ogg,0,5.5,
Secretary,4PBukkakeBitch,H6_pink_62755.ogg,0,6,
Secretary,4PBukkakeBitch,H6_pink_62787.ogg,0,6,
Secretary,PistonBitch,H6_pink_62718.ogg,0,6,
Secretary,PistonBitch,H6_pink_62720.ogg,0,5.5,
Secretary,PistonOho,H6_BL_57465.ogg,0,5,
Secretary,PistonOho,H6_BL_57467.ogg,0,5,
Secretary,PistonOho,H6_BL_57473.ogg,0,5,
Secretary,PistonOho,H6_BL_57475.ogg,0,5,
Sister,Aibu,H7_X1P_54664.ogg,0,5,
Sister,Aibu,H7_X1P_54665.ogg,0,5,
Sister,Piston,H7_X1P_54666.ogg,0,5.5,
Sister,Piston,H7_X1P_54667.ogg,0,5.5,
Sister,Piston,H7_X1P_54670.ogg,0,5,
Sister,Piston,H7_X1P_54671.ogg,0,5,
Sister,Fellatio,H7_X1P_54674.ogg,0,5,
Sister,Fellatio,H7_X1P_54675.ogg,0,5,
Sister,FellatioFace,H7_X1P_54676.ogg,0,5,
Sister,FellatioFace,H7_X1P_54677.ogg,0,4.8,
Sister,3PFellatio,H7_X1P_54778.ogg,0,4.8,
Sister,3PFellatio,H7_X1P_54779.ogg,0,4.8,
Sister,3PFellatioFace,H7_X1P_54780.ogg,0,4.8,
Sister,3PFellatioFace,H7_X1P_54781.ogg,0,4.8,
Sister,DoublePenetration,H7_X1P_54786.ogg,0,5.4,
Sister,DoublePenetration,H7_X1P_54787.ogg,0,5.4,
Sister,DoublePenetration,H7_X1P_54788.ogg,0,5.4,
Sister,DoublePenetration,H7_X1P_54789.ogg,0,5.2,
Sister,Houshi,H7_02664.ogg,0,6,
Sister,Houshi,H7_02665.ogg,0,6.5,
Sister,4PFellatioMouthBitch,H7_pink_63164.ogg,0,5,
Sister,4PFellatioMouthBitch,H7_pink_63165.ogg,0,4,
Sister,4PFellatioFaceBitch,H7_pink_63166.ogg,0,4.5,
Sister,4PFellatioFaceBitch,H7_pink_63167.ogg,0,4,
Sister,4PBukkakeBitch,H7_pink_63205.ogg,0,6,
Sister,4PBukkakeBitch,H7_pink_63237.ogg,0,9,
Sister,PistonBitch,H7_pink_63170.ogg,0,4.5,
Sister,PistonBitch,H7_pink_63186.ogg,0,4.5,
Sister,PistonOho,H7_BL_57347.ogg,0,5,
Sister,PistonOho,H7_BL_57349.ogg,0,5,
Sister,PistonOho,H7_BL_57361.ogg,0,4.5,
Sister,PistonOho,H7_BL_57363.ogg,0,4.5,
Curtness,Aibu,H8_X01_54376.ogg,0,4.8,
Curtness,Aibu,H8_X01_54377.ogg,0,4.8,
Curtness,Piston,H8_X01_54473.ogg,0,4.8,
Curtness,Piston,H8_X01_54474.ogg,0,4.8,
Curtness,Piston,H8_X01_54476.ogg,0,4.8,
Curtness,Piston,H8_X01_54477.ogg,0,4.8,
Curtness,Fellatio,H8_X01_54480.ogg,0,4.8,
Curtness,Fellatio,H8_X01_54481.ogg,0,5.2,
Curtness,FellatioFace,H8_X01_54482.ogg,0,5.2,
Curtness,FellatioFace,H8_X01_54483.ogg,0,5.2,
Curtness,3PFellatio,H8_X01_54584.ogg,0,6,
Curtness,3PFellatio,H8_X01_54585.ogg,0,6,
Curtness,3PFellatioFace,H8_X01_54586.ogg,0,6,
Curtness,3PFellatioFace,H8_X01_54587.ogg,0,6,
Curtness,DoublePenetration,H8_X01_54592.ogg,0,6,
Curtness,DoublePenetration,H8_X01_54593.ogg,0,6,
Curtness,DoublePenetration,H8_X01_54594.ogg,0,5.5,
Curtness,DoublePenetration,H8_X01_54595.ogg,0,5.5,
Curtness,Houshi,H8_02717.ogg,0,5.5,
Curtness,Houshi,H8_02718.ogg,0,5.5,
Curtness,4PFellatioMouthBitch,H8_pink_62767.ogg,0,4.5,
Curtness,4PFellatioMouthBitch,H8_pink_62783.ogg,0,4.5,
Curtness,4PFellatioFaceBitch,H8_pink_62769.ogg,0,4.5,
Curtness,4PFellatioFaceBitch,H8_pink_62785.ogg,0,4.5,
Curtness,4PBukkakeBitch,H8_pink_62808.ogg,0,6,
Curtness,4PBukkakeBitch,H8_pink_62840.ogg,0,6,
Curtness,PistonBitch,H8_pink_62771.ogg,0,4.5,
Curtness,PistonBitch,H8_pink_62773.ogg,0,4.5,
Curtness,PistonOho,H8_BL_58696.ogg,0,4.5,
Curtness,PistonOho,H8_BL_58698.ogg,0,4.5,
Curtness,PistonOho,H8_BL_58704.ogg,0,4.5,
Curtness,PistonOho,H8_BL_58706.ogg,0,4.5,
Missy,Aibu,H9_X1P_54271.ogg,0,5,
Missy,Aibu,H9_X1P_54272.ogg,0,5,
Missy,Piston,H9_X1P_54273.ogg,0,4.5,
Missy,Piston,H9_X1P_54274.ogg,0,4.5,
Missy,Piston,H9_X1P_54277.ogg,0,4.5,
Missy,Piston,H9_X1P_54278.ogg,0,4.5,
Missy,Fellatio,H9_X1P_54281.ogg,0,5,
Missy,Fellatio,H9_X1P_54282.ogg,0,5,
Missy,FellatioFace,H9_X1P_54283.ogg,0,4.3,
Missy,FellatioFace,H9_X1P_54284.ogg,0,4,
Missy,3PFellatio,H9_X1P_54385.ogg,0,4,
Missy,3PFellatio,H9_X1P_54386.ogg,0,4,
Missy,3PFellatioFace,H9_X1P_54387.ogg,0,4,
Missy,3PFellatioFace,H9_X1P_54388.ogg,0,3.6,
Missy,DoublePenetration,H9_X1P_54393.ogg,0,4.2,
Missy,DoublePenetration,H9_X1P_54394.ogg,0,4.2,
Missy,DoublePenetration,H9_X1P_54395.ogg,0,4.2,
Missy,DoublePenetration,H9_X1P_54396.ogg,0,4,
Missy,Houshi,H9_02364.ogg,0,4,
Missy,Houshi,H9_02365.ogg,0,4,
Missy,4PFellatioMouthBitch,H9_pink_61908.ogg,0,4.5,
Missy,4PFellatioMouthBitch,H9_pink_61924.ogg,0,4.5,
Missy,4PFellatioFaceBitch,H9_pink_61910.ogg,0,4.5,
Missy,4PFellatioFaceBitch,H9_pink_61926.ogg,0,4.5,
Missy,4PBukkakeBitch,H9_pink_61949.ogg,0,6.5,
Missy,4PBukkakeBitch,H9_pink_61981.ogg,0,6.5,
Missy,PistonBitch,H9_pink_61914.ogg,0,5,
Missy,PistonBitch,H9_pink_61928.ogg,0,5,
Missy,PistonOho,H9_BL_57781.ogg,0,4.5,
Missy,PistonOho,H9_BL_57797.ogg,0,4.5,
Missy,PistonOho,H9_BL_57799.ogg,0,4.5,
Missy,PistonOho,H9_BL_57803.ogg,0,4.5,
Childhood,Aibu,H10_X1P_54503.ogg,0,5,
Childhood,Aibu,H10_X1P_54504.ogg,0,5,
Childhood,Piston,H10_X1P_54505.ogg,0,5,
Childhood,Piston,H10_X1P_54506.ogg,0,5,
Childhood,Piston,H10_X1P_54509.ogg,0,5,
Childhood,Piston,H10_X1P_54510.ogg,0,5,
Childhood,Fellatio,H10_X1P_54513.ogg,0,5,
Childhood,Fellatio,H10_X1P_54514.ogg,0,5,
Childhood,FellatioFace,H10_X1P_54515.ogg,0,5,
Childhood,FellatioFace,H10_X1P_54516.ogg,0,5,
Childhood,3PFellatio,H10_X1P_54617.ogg,0,5,
Childhood,3PFellatio,H10_X1P_54618.ogg,0,5,
Childhood,3PFellatioFace,H10_X1P_54619.ogg,0,5,
Childhood,3PFellatioFace,H10_X1P_54620.ogg,0,6,
Childhood,DoublePenetration,H10_X1P_54625.ogg,0,6,
Childhood,DoublePenetration,H10_X1P_54626.ogg,0,6,
Childhood,DoublePenetration,H10_X1P_54627.ogg,0,6,
Childhood,DoublePenetration,H10_X1P_54628.ogg,0,6,
Childhood,Houshi,H10_02185.ogg,0,5.7,
Childhood,Houshi,H10_02186.ogg,0,5.8,
Childhood,4PFellatioMouthBitch,H10_pink_61747.ogg,0,5,
Childhood,4PFellatioMouthBitch,H10_pink_61748.ogg,0,5,
Childhood,4PFellatioFaceBitch,H10_pink_61749.ogg,0,5,
Childhood,4PFellatioFaceBitch,H10_pink_61750.ogg,0,5,
Childhood,4PBukkakeBitch,H10_pink_61788.ogg,0,5,
Childhood,4PBukkakeBitch,H10_pink_61820.ogg,0,7,
Childhood,PistonBitch,H10_pink_61751.ogg,0,6,
Childhood,PistonBitch,H10_pink_61753.ogg,0,6,
Childhood,PistonOho,H10_BL_57041.ogg,0,4.5,
Childhood,PistonOho,H10_BL_57043.ogg,0,4.5,
Childhood,PistonOho,H10_BL_57049.ogg,0,4.5,
Childhood,PistonOho,H10_BL_57051.ogg,0,5.5,
Friendly,Aibu,V1_X1P_14594.ogg,0,4.5,
Friendly,Aibu,V1_X1P_14693.ogg,0,5,
Friendly,Piston,V1_X1P_14700.ogg,0,4.5,
Friendly,Piston,V1_X1P_14701.ogg,0,4.5,
Friendly,Piston,V1_X1P_14598.ogg,0,4.5,
Friendly,Piston,V1_X1P_14599.ogg,0,4.5,
Friendly,Fellatio,V1_X1P_14702.ogg,0,5,
Friendly,Fellatio,V1_X1P_14703.ogg,0,5,
Friendly,FellatioFace,V1_X1P_14704.ogg,0,5,
Friendly,FellatioFace,V1_X1P_14705.ogg,0,5,
Friendly,3PFellatio,V1_X1P_14806.ogg,0,5,
Friendly,3PFellatio,V1_X1P_14807.ogg,0,5,
Friendly,3PFellatioFace,V1_X1P_14808.ogg,0,5,
Friendly,3PFellatioFace,V1_X1P_14809.ogg,0,5,
Friendly,DoublePenetration,V1_08268.ogg,0,5,
Friendly,DoublePenetration,V1_08269.ogg,0,5,
Friendly,DoublePenetration,V1_08270.ogg,0,5,
Friendly,DoublePenetration,V1_08271.ogg,0,5,
Friendly,Houshi,V1_00450.ogg,0,5,
Friendly,Houshi,V1_00451.ogg,0,5,
Friendly,4PFellatioMouthBitch,V1_pink_20739.ogg,0,5,
Friendly,4PFellatioMouthBitch,V1_pink_20740.ogg,0,5,
Friendly,4PFellatioFaceBitch,V1_pink_20741.ogg,0,4,
Friendly,4PFellatioFaceBitch,V1_pink_20742.ogg,0,4,
Friendly,4PBukkakeBitch,V1_pink_20780.ogg,0,5,
Friendly,4PBukkakeBitch,V1_pink_20812.ogg,0,5,
Friendly,PistonBitch,V1_pink_20747.ogg,0,5,
Friendly,PistonBitch,V1_pink_20749.ogg,0,5,
Friendly,PistonOho,V1_BL_16753.ogg,0,4.5,
Friendly,PistonOho,V1_BL_16759.ogg,0,4.5,
Friendly,PistonOho,V1_BL_16761.ogg,0,4.5,
Friendly,PistonOho,V1_BL_16767.ogg,0,4.5,
Dame,Aibu,V0_X1P_14376.ogg,0,5,
Dame,Aibu,V0_X1P_14377.ogg,0,5.5,
Dame,Piston,V0_X1P_14378.ogg,0,5.5,
Dame,Piston,V0_X1P_14379.ogg,0,5.5,
Dame,Piston,V0_X1P_14382.ogg,0,5.5,
Dame,Piston,V0_X1P_14383.ogg,0,5.5,
Dame,Fellatio,V0_X1P_14386.ogg,0,5.5,
Dame,Fellatio,V0_X1P_14387.ogg,0,5,
Dame,FellatioFace,V0_X1P_14388.ogg,0,5,
Dame,FellatioFace,V0_X1P_14389.ogg,0,5,
Dame,3PFellatio,V0_X1P_14490.ogg,0,5,
Dame,3PFellatio,V0_X1P_14491.ogg,0,5,
Dame,3PFellatioFace,V0_X1P_14492.ogg,0,6,
Dame,3PFellatioFace,V0_X1P_14493.ogg,0,6,
Dame,DoublePenetration,V0_X1P_14498.ogg,0,5,
Dame,DoublePenetration,V0_X1P_14499.ogg,0,5,
Dame,DoublePenetration,V0_X1P_14500.ogg,0,4.5,
Dame,DoublePenetration,V0_X1P_14501.ogg,0,4.5,
Dame,Houshi,V0_00442.ogg,0,4.5,
Dame,Houshi,V0_00443.ogg,0,4.5,
Dame,4PFellatioMouthBitch,V0_pink_20738.ogg,0,4.5,
Dame,4PFellatioMouthBitch,V0_pink_20739.ogg,0,4.5,
Dame,4PFellatioFaceBitch,V0_pink_20740.ogg,0,4.5,
Dame,4PFellatioFaceBitch,V0_pink_20741.ogg,0,4.5,
Dame,4PBukkakeBitch,V0_pink_20779.ogg,0,5,
Dame,4PBukkakeBitch,V0_pink_20811.ogg,0,5,
Dame,PistonBitch,V0_pink_20742.ogg,0,4.3,
Dame,PistonBitch,V0_pink_20744.ogg,0,4.8,
Dame,PistonOho,V0_BL_15739.ogg,0,4.5,
Dame,PistonOho,V0_BL_15741.ogg,0,4.5,
Dame,PistonOho,V0_BL_15747.ogg,0,4.5,
Dame,PistonOho,V0_BL_15749.ogg,0,4,
Masochist,Aibu,H11_X01EX_06549.ogg,0,5,
Masochist,Aibu,H11_X01EX_06550.ogg,0,5,
Masochist,Piston,H11_X01EX_06551.ogg,0,4.6,
Masochist,Piston,H11_X01EX_06552.ogg,0,5.6,
Masochist,Piston,H11_X01EX_06555.ogg,0,4.6,
Masochist,Piston,H11_X01EX_06556.ogg,0,4.6,
Masochist,Fellatio,H11_X01EX_06559.ogg,0,5.9,
Masochist,Fellatio,H11_X01EX_06560.ogg,0,5.9,
Masochist,FellatioFace,H11_X01EX_06561.ogg,0,5.9,
Masochist,FellatioFace,H11_X01EX_06562.ogg,0,5.9,
Masochist,3PFellatio,H11_X01EX_06663.ogg,0,5.9,
Masochist,3PFellatio,H11_X01EX_06664.ogg,0,4.7,
Masochist,3PFellatioFace,H11_X01EX_06665.ogg,0,5,
Masochist,3PFellatioFace,H11_X01EX_06666.ogg,0,5,
Masochist,DoublePenetration,H11_X01EX_06671.ogg,0,6,
Masochist,DoublePenetration,H11_X01EX_06672.ogg,0,6,
Masochist,DoublePenetration,H11_X01EX_06673.ogg,0,6,
Masochist,DoublePenetration,H11_X01EX_06674.ogg,0,5,
Masochist,Houshi,H11_04366.ogg,0,2.9,
Masochist,Houshi,H11_04367.ogg,0,3.7,
Masochist,4PFellatioMouthBitch,,0,0,
Masochist,4PFellatioMouthBitch,,0,0,
Masochist,4PFellatioFaceBitch,,0,0,
Masochist,4PFellatioFaceBitch,,0,0,
Masochist,4PBukkakeBitch,,0,0,
Masochist,4PBukkakeBitch,,0,0,
Masochist,PistonBitch,,0,0,
Masochist,PistonBitch,,0,0,
Masochist,PistonOho,,0,0,
Masochist,PistonOho,,0,0,
Masochist,PistonOho,,0,0,
Masochist,PistonOho,,0,0,
Cunning,Aibu,H12_X01EX_07385.ogg,0,3.8,
Cunning,Aibu,H12_X01EX_07447.ogg,0,4.2,
Cunning,Piston,H12_X01EX_07387.ogg,0,4.4,
Cunning,Piston,H12_X01EX_07388.ogg,0,4.2,
Cunning,Piston,H12_X01EX_07393.ogg,0,4.2,
Cunning,Piston,H12_X01EX_07394.ogg,0,4.5,
Cunning,Fellatio,H12_X01EX_07395.ogg,0,4.2,
Cunning,Fellatio,H12_X01EX_07396.ogg,0,4.8,
Cunning,FellatioFace,H12_X01EX_07397.ogg,0,4.8,
Cunning,FellatioFace,H12_X01EX_07398.ogg,0,4.6,
Cunning,3PFellatio,H12_X01EX_07499.ogg,0,4.7,
Cunning,3PFellatio,H12_X01EX_07500.ogg,0,5,
Cunning,3PFellatioFace,H12_X01EX_07501.ogg,0,5,
Cunning,3PFellatioFace,H12_X01EX_07502.ogg,0,5,
Cunning,DoublePenetration,H12_X01EX_07507.ogg,0,5,
Cunning,DoublePenetration,H12_X01EX_07508.ogg,0,4.3,
Cunning,DoublePenetration,H12_X01EX_07509.ogg,0,4.3,
Cunning,DoublePenetration,H12_X01EX_07510.ogg,0,3.7,
Cunning,Houshi,H12_03630.ogg,0,4,
Cunning,Houshi,H12_03631.ogg,0,4,
Cunning,4PFellatioMouthBitch,,0,0,
Cunning,4PFellatioMouthBitch,,0,0,
Cunning,4PFellatioFaceBitch,,0,0,
Cunning,4PFellatioFaceBitch,,0,0,
Cunning,4PBukkakeBitch,,0,0,
Cunning,4PBukkakeBitch,,0,0,
Cunning,PistonBitch,,0,0,
Cunning,PistonBitch,,0,0,
Cunning,PistonOho,,0,0,
Cunning,PistonOho,,0,0,
Cunning,PistonOho,,0,0,
Cunning,PistonOho,,0,0,
Gyaru,Aibu,H13_galsp_07610.ogg,0,4.5,
Gyaru,Aibu,H13_galsp_07513.ogg,0,4.4,
Gyaru,Piston,H13_galsp_07618.ogg,0,4.5,
Gyaru,Piston,H13_galsp_07619.ogg,0,4.5,
Gyaru,Piston,H13_galsp_07516.ogg,0,4.5,
Gyaru,Piston,H13_galsp_07514.ogg,0,4.5,
Gyaru,Fellatio,H13_galsp_07620.ogg,0,6,
Gyaru,Fellatio,H13_galsp_07621.ogg,0,6,
Gyaru,FellatioFace,H13_galsp_07622.ogg,0,6.3,
Gyaru,FellatioFace,H13_galsp_07623.ogg,0,6.3,
Gyaru,3PFellatio,H13_galsp_07724.ogg,0,5.8,
Gyaru,3PFellatio,H13_galsp_07725.ogg,0,5.4,
Gyaru,3PFellatioFace,H13_galsp_07726.ogg,0,6,
Gyaru,3PFellatioFace,H13_galsp_07727.ogg,0,6,
Gyaru,DoublePenetration,H13_galsp_07732.ogg,0,5,
Gyaru,DoublePenetration,H13_galsp_07733.ogg,0,4.6,
Gyaru,DoublePenetration,H13_galsp_07734.ogg,0,5,
Gyaru,DoublePenetration,H13_galsp_07735.ogg,0,5,
Gyaru,Houshi,H13_00965.ogg,0,4.3,
Gyaru,Houshi,H13_00966.ogg,0,4.5,
Gyaru,4PFellatioMouthBitch,,0,0,
Gyaru,4PFellatioMouthBitch,,0,0,
Gyaru,4PFellatioFaceBitch,,0,0,
Gyaru,4PFellatioFaceBitch,,0,0,
Gyaru,4PBukkakeBitch,,0,0,
Gyaru,4PBukkakeBitch,,0,0,
Gyaru,PistonBitch,,0,0,
Gyaru,PistonBitch,,0,0,
Gyaru,PistonOho,,0,0,
Gyaru,PistonOho,,0,0,
Gyaru,PistonOho,,0,0,
Gyaru,PistonOho,,0,0,
