Personality,MotionType,ExcitementLevel,Normal,Estrus,dummy,
Yandere,Piston,0,S3_02687.ogg,S3_101125.ogg,,
Yandere,Piston,0,S3_02688.ogg,S3_101126.ogg,,
Yandere,Piston,0,S3_adult_54202.ogg,S3_adult_54418.ogg,,
Yandere,Piston,0,S3_adult_54203.ogg,S3_adult_54419.ogg,,
Yandere,Piston,1,S3_02689.ogg,S3_101127.ogg,,
Yandere,Piston,1,S3_02690.ogg,S3_101128.ogg,,
Yandere,Piston,1,S3_adult_54204.ogg,S3_adult_54420.ogg,,
Yandere,Piston,1,S3_adult_54205.ogg,S3_adult_54421.ogg,,
Yandere,Piston,2,S3_02691.ogg,S3_101129.ogg,,
Yandere,Piston,2,S3_02692.ogg,S3_101130.ogg,,
Yandere,Piston,2,S3_adult_54206.ogg,S3_adult_54422.ogg,,
Yandere,Piston,2,S3_adult_54207.ogg,S3_adult_54423.ogg,,
Yandere,Piston,3,S3_02693.ogg,S3_101131.ogg,,
Yandere,Piston,3,S3_02694.ogg,S3_101132.ogg,,
Yandere,Piston,3,S3_adult_54208.ogg,S3_adult_54424.ogg,,
Yandere,Piston,3,S3_adult_54209.ogg,S3_adult_54425.ogg,,
Yandere,Kiss,0,S3_02727.ogg,S3_02727.ogg,,
Yandere,Kiss,0,S3_02728.ogg,S3_02728.ogg,,
Yandere,Kiss,0,S3_adult_54250.ogg,S3_adult_54250.ogg,,
Yandere,Kiss,0,S3_adult_54251.ogg,S3_adult_54251.ogg,,
Yandere,Kiss,1,S3_02729.ogg,S3_02729.ogg,,
Yandere,Kiss,1,S3_02730.ogg,S3_02730.ogg,,
Yandere,Kiss,1,S3_adult_54252.ogg,S3_adult_54252.ogg,,
Yandere,Kiss,1,S3_adult_54253.ogg,S3_adult_54253.ogg,,
Yandere,Kiss,2,S3_02731.ogg,S3_02731.ogg,,
Yandere,Kiss,2,S3_02732.ogg,S3_02732.ogg,,
Yandere,Kiss,2,S3_adult_54254.ogg,S3_adult_54254.ogg,,
Yandere,Kiss,2,S3_adult_54255.ogg,S3_adult_54255.ogg,,
Yandere,Kiss,3,S3_02733.ogg,S3_02733.ogg,,
Yandere,Kiss,3,S3_02734.ogg,S3_02734.ogg,,
Yandere,Kiss,3,S3_adult_54256.ogg,S3_adult_54256.ogg,,
Yandere,Kiss,3,S3_adult_54257.ogg,S3_adult_54257.ogg,,
Yandere,Pain,0,S3_02711.ogg,S3_101125.ogg,,
Yandere,Pain,0,S3_02712.ogg,S3_101126.ogg,,
Yandere,Pain,0,S3_adult_54234.ogg,S3_adult_54418.ogg,,
Yandere,Pain,0,S3_adult_54235.ogg,S3_adult_54419.ogg,,
Yandere,Pain,1,S3_02713.ogg,S3_adult_54420.ogg,,
Yandere,Pain,1,S3_02714.ogg,S3_adult_54421.ogg,,
Yandere,Pain,1,S3_adult_54236.ogg,S3_101127.ogg,,
Yandere,Pain,1,S3_adult_54237.ogg,S3_101128.ogg,,
Yandere,Pain,2,S3_02715.ogg,S3_101129.ogg,,
Yandere,Pain,2,S3_02716.ogg,S3_101130.ogg,,
Yandere,Pain,2,S3_adult_54238.ogg,S3_adult_54422.ogg,,
Yandere,Pain,2,S3_adult_54239.ogg,S3_adult_54423.ogg,,
Yandere,Pain,3,S3_02717.ogg,S3_101131.ogg,,
Yandere,Pain,3,S3_02718.ogg,S3_101132.ogg,,
Yandere,Pain,3,S3_adult_54240.ogg,S3_adult_54424.ogg,,
Yandere,Pain,3,S3_adult_54241.ogg,S3_adult_54425.ogg,,
Yandere,Fellatio,0,S3_02735.ogg,S3_02735.ogg,,
Yandere,Fellatio,0,S3_02736.ogg,S3_02736.ogg,,
Yandere,Fellatio,0,S3_adult_54258.ogg,S3_adult_54258.ogg,,
Yandere,Fellatio,0,S3_adult_54259.ogg,S3_adult_54259.ogg,,
Yandere,Fellatio,1,S3_02737.ogg,S3_02737.ogg,,
Yandere,Fellatio,1,S3_02738.ogg,S3_02738.ogg,,
Yandere,Fellatio,1,S3_adult_54260.ogg,S3_adult_54260.ogg,,
Yandere,Fellatio,1,S3_adult_54261.ogg,S3_adult_54261.ogg,,
Yandere,Fellatio,2,S3_02739.ogg,S3_02739.ogg,,
Yandere,Fellatio,2,S3_02740.ogg,S3_02740.ogg,,
Yandere,Fellatio,2,S3_adult_54262.ogg,S3_adult_54262.ogg,,
Yandere,Fellatio,2,S3_adult_54263.ogg,S3_adult_54263.ogg,,
Yandere,Fellatio,3,S3_02741.ogg,S3_02741.ogg,,
Yandere,Fellatio,3,S3_02742.ogg,S3_02742.ogg,,
Yandere,Fellatio,3,S3_adult_54264.ogg,S3_adult_54264.ogg,,
Yandere,Fellatio,3,S3_adult_54265.ogg,S3_adult_54265.ogg,,
Yandere,DeepThroat,0,S3_02823.ogg,S3_101149.ogg,,
Yandere,DeepThroat,0,S3_02824.ogg,S3_101150.ogg,,
Yandere,DeepThroat,0,S3_adult_54378.ogg,S3_adult_54442.ogg,,
Yandere,DeepThroat,0,S3_adult_54379.ogg,S3_adult_54443.ogg,,
Yandere,DeepThroat,1,S3_02825.ogg,S3_101151.ogg,,
Yandere,DeepThroat,1,S3_02826.ogg,S3_101152.ogg,,
Yandere,DeepThroat,1,S3_adult_54380.ogg,S3_adult_54444.ogg,,
Yandere,DeepThroat,1,S3_adult_54381.ogg,S3_adult_54445.ogg,,
Yandere,DeepThroat,2,S3_02827.ogg,S3_101153.ogg,,
Yandere,DeepThroat,2,S3_02828.ogg,S3_101154.ogg,,
Yandere,DeepThroat,2,S3_adult_54382.ogg,S3_adult_54446.ogg,,
Yandere,DeepThroat,2,S3_adult_54383.ogg,S3_adult_54447.ogg,,
Yandere,DeepThroat,3,S3_02829.ogg,S3_101155.ogg,,
Yandere,DeepThroat,3,S3_02830.ogg,S3_101156.ogg,,
Yandere,DeepThroat,3,S3_adult_54384.ogg,S3_adult_54448.ogg,,
Yandere,DeepThroat,3,S3_adult_54385.ogg,S3_adult_54449.ogg,,
Yandere,PainFellatio,0,S3_02839.ogg,S3_101149.ogg,,
Yandere,PainFellatio,0,S3_02840.ogg,S3_101150.ogg,,
Yandere,PainFellatio,0,S3_adult_54394.ogg,S3_adult_54442.ogg,,
Yandere,PainFellatio,0,S3_adult_54395.ogg,S3_adult_54443.ogg,,
Yandere,PainFellatio,1,S3_02841.ogg,S3_101151.ogg,,
Yandere,PainFellatio,1,S3_02842.ogg,S3_101152.ogg,,
Yandere,PainFellatio,1,S3_adult_54396.ogg,S3_adult_54444.ogg,,
Yandere,PainFellatio,1,S3_adult_54397.ogg,S3_adult_54445.ogg,,
Yandere,PainFellatio,2,S3_02843.ogg,S3_101153.ogg,,
Yandere,PainFellatio,2,S3_02844.ogg,S3_101154.ogg,,
Yandere,PainFellatio,2,S3_adult_54398.ogg,S3_adult_54446.ogg,,
Yandere,PainFellatio,2,S3_adult_54399.ogg,S3_adult_54447.ogg,,
Yandere,PainFellatio,3,S3_02845.ogg,S3_101155.ogg,,
Yandere,PainFellatio,3,S3_02846.ogg,S3_101156.ogg,,
Yandere,PainFellatio,3,S3_adult_54400.ogg,S3_adult_54448.ogg,,
Yandere,PainFellatio,3,S3_adult_54401.ogg,S3_adult_54449.ogg,,
Yandere,PistonExcite,0,S3_02703.ogg,S3_101125.ogg,,
Yandere,PistonExcite,0,S3_02704.ogg,S3_101126.ogg,,
Yandere,PistonExcite,0,S3_adult_54218.ogg,S3_adult_54418.ogg,,
Yandere,PistonExcite,0,S3_adult_54219.ogg,S3_adult_54419.ogg,,
Yandere,PistonExcite,1,S3_02705.ogg,S3_101127.ogg,,
Yandere,PistonExcite,1,S3_02706.ogg,S3_101128.ogg,,
Yandere,PistonExcite,1,S3_adult_54220.ogg,S3_adult_54420.ogg,,
Yandere,PistonExcite,1,S3_adult_54221.ogg,S3_adult_54421.ogg,,
Yandere,PistonExcite,2,S3_02707.ogg,S3_101129.ogg,,
Yandere,PistonExcite,2,S3_02708.ogg,S3_101130.ogg,,
Yandere,PistonExcite,2,S3_adult_54222.ogg,S3_adult_54422.ogg,,
Yandere,PistonExcite,2,S3_adult_54223.ogg,S3_adult_54423.ogg,,
Yandere,PistonExcite,3,S3_02709.ogg,S3_101131.ogg,,
Yandere,PistonExcite,3,S3_02710.ogg,S3_101132.ogg,,
Yandere,PistonExcite,3,S3_adult_54224.ogg,S3_adult_54424.ogg,,
Yandere,PistonExcite,3,S3_adult_54225.ogg,S3_adult_54425.ogg,,
Yandere,Houshi,0,S3_02791.ogg,S3_101141.ogg,,
Yandere,Houshi,0,S3_02792.ogg,S3_101142.ogg,,
Yandere,Houshi,0,S3_adult_54338.ogg,S3_adult_54434.ogg,,
Yandere,Houshi,0,S3_adult_54339.ogg,S3_adult_54435.ogg,,
Yandere,Houshi,1,S3_02793.ogg,S3_101143.ogg,,
Yandere,Houshi,1,S3_02794.ogg,S3_101144.ogg,,
Yandere,Houshi,1,S3_adult_54340.ogg,S3_adult_54436.ogg,,
Yandere,Houshi,1,S3_adult_54341.ogg,S3_adult_54437.ogg,,
Yandere,Houshi,2,S3_02795.ogg,S3_101145.ogg,,
Yandere,Houshi,2,S3_02796.ogg,S3_101146.ogg,,
Yandere,Houshi,2,S3_adult_54342.ogg,S3_adult_54438.ogg,,
Yandere,Houshi,2,S3_adult_54343.ogg,S3_adult_54439.ogg,,
Yandere,Houshi,3,S3_02797.ogg,S3_101147.ogg,,
Yandere,Houshi,3,S3_02798.ogg,S3_101148.ogg,,
Yandere,Houshi,3,S3_adult_54344.ogg,S3_adult_54440.ogg,,
Yandere,Houshi,3,S3_adult_54345.ogg,S3_adult_54441.ogg,,
Yandere,FellatioExcite,0,S3_02823.ogg,S3_101149.ogg,,
Yandere,FellatioExcite,0,S3_02824.ogg,S3_101150.ogg,,
Yandere,FellatioExcite,0,S3_adult_54378.ogg,S3_adult_54442.ogg,,
Yandere,FellatioExcite,0,S3_adult_54379.ogg,S3_adult_54443.ogg,,
Yandere,FellatioExcite,1,S3_02825.ogg,S3_101151.ogg,,
Yandere,FellatioExcite,1,S3_02826.ogg,S3_101152.ogg,,
Yandere,FellatioExcite,1,S3_adult_54380.ogg,S3_adult_54444.ogg,,
Yandere,FellatioExcite,1,S3_adult_54381.ogg,S3_adult_54445.ogg,,
Yandere,FellatioExcite,2,S3_02827.ogg,S3_101153.ogg,,
Yandere,FellatioExcite,2,S3_02828.ogg,S3_101154.ogg,,
Yandere,FellatioExcite,2,S3_adult_54382.ogg,S3_adult_54446.ogg,,
Yandere,FellatioExcite,2,S3_adult_54383.ogg,S3_adult_54447.ogg,,
Yandere,FellatioExcite,3,S3_02829.ogg,S3_101155.ogg,,
Yandere,FellatioExcite,3,S3_02830.ogg,S3_101156.ogg,,
Yandere,FellatioExcite,3,S3_adult_54384.ogg,S3_adult_54448.ogg,,
Yandere,FellatioExcite,3,S3_adult_54385.ogg,S3_adult_54449.ogg,,
Yandere,LickJob,0,S3_02815.ogg,S3_02815.ogg,,
Yandere,LickJob,0,S3_02816.ogg,S3_02816.ogg,,
Yandere,LickJob,0,S3_adult_54370.ogg,S3_adult_54370.ogg,,
Yandere,LickJob,0,S3_adult_54371.ogg,S3_adult_54371.ogg,,
Yandere,LickJob,1,S3_02817.ogg,S3_02817.ogg,,
Yandere,LickJob,1,S3_02818.ogg,S3_02818.ogg,,
Yandere,LickJob,1,S3_adult_54372.ogg,S3_adult_54372.ogg,,
Yandere,LickJob,1,S3_adult_54373.ogg,S3_adult_54373.ogg,,
Yandere,LickJob,2,S3_02819.ogg,S3_02819.ogg,,
Yandere,LickJob,2,S3_02820.ogg,S3_02820.ogg,,
Yandere,LickJob,2,S3_adult_54374.ogg,S3_adult_54374.ogg,,
Yandere,LickJob,2,S3_adult_54375.ogg,S3_adult_54375.ogg,,
Yandere,LickJob,3,S3_02821.ogg,S3_02821.ogg,,
Yandere,LickJob,3,S3_02822.ogg,S3_02822.ogg,,
Yandere,LickJob,3,S3_adult_54376.ogg,S3_adult_54376.ogg,,
Yandere,LickJob,3,S3_adult_54377.ogg,S3_adult_54377.ogg,,
Yandere,PistonCry,0,S3_02695.ogg,S3_101125.ogg,,
Yandere,PistonCry,0,S3_02696.ogg,S3_101126.ogg,,
Yandere,PistonCry,0,S3_adult_54210.ogg,S3_adult_54418.ogg,,
Yandere,PistonCry,0,S3_adult_54211.ogg,S3_adult_54419.ogg,,
Yandere,PistonCry,1,S3_02697.ogg,S3_101127.ogg,,
Yandere,PistonCry,1,S3_02698.ogg,S3_101128.ogg,,
Yandere,PistonCry,1,S3_adult_54212.ogg,S3_adult_54420.ogg,,
Yandere,PistonCry,1,S3_adult_54213.ogg,S3_adult_54421.ogg,,
Yandere,PistonCry,2,S3_02699.ogg,S3_101129.ogg,,
Yandere,PistonCry,2,S3_02700.ogg,S3_101130.ogg,,
Yandere,PistonCry,2,S3_adult_54214.ogg,S3_adult_54422.ogg,,
Yandere,PistonCry,2,S3_adult_54215.ogg,S3_adult_54423.ogg,,
Yandere,PistonCry,3,S3_02701.ogg,S3_101131.ogg,,
Yandere,PistonCry,3,S3_02702.ogg,S3_101132.ogg,,
Yandere,PistonCry,3,S3_adult_54216.ogg,S3_adult_54424.ogg,,
Yandere,PistonCry,3,S3_adult_54217.ogg,S3_adult_54425.ogg,,
Yandere,SMSubmission,0,S3_02775.ogg,S3_02775.ogg,,
Yandere,SMSubmission,0,S3_02776.ogg,S3_02776.ogg,,
Yandere,SMSubmission,0,S3_adult_54322.ogg,S3_adult_54322.ogg,,
Yandere,SMSubmission,0,S3_adult_54323.ogg,S3_adult_54323.ogg,,
Yandere,SMSubmission,1,S3_02777.ogg,S3_02777.ogg,,
Yandere,SMSubmission,1,S3_02778.ogg,S3_02778.ogg,,
Yandere,SMSubmission,1,S3_adult_54324.ogg,S3_adult_54324.ogg,,
Yandere,SMSubmission,1,S3_adult_54325.ogg,S3_adult_54325.ogg,,
Yandere,SMSubmission,2,S3_02779.ogg,S3_02779.ogg,,
Yandere,SMSubmission,2,S3_02780.ogg,S3_02780.ogg,,
Yandere,SMSubmission,2,S3_adult_54326.ogg,S3_adult_54326.ogg,,
Yandere,SMSubmission,2,S3_adult_54327.ogg,S3_adult_54327.ogg,,
Yandere,SMSubmission,3,S3_02781.ogg,S3_02781.ogg,,
Yandere,SMSubmission,3,S3_02782.ogg,S3_02782.ogg,,
Yandere,SMSubmission,3,S3_adult_54328.ogg,S3_adult_54328.ogg,,
Yandere,SMSubmission,3,S3_adult_54329.ogg,S3_adult_54329.ogg,,
Yandere,FellatioDrunk,0,S3_02799.ogg,S3_101149.ogg,,
Yandere,FellatioDrunk,0,S3_02800.ogg,S3_101150.ogg,,
Yandere,FellatioDrunk,0,S3_adult_54354.ogg,S3_adult_54442.ogg,,
Yandere,FellatioDrunk,0,S3_adult_54355.ogg,S3_adult_54443.ogg,,
Yandere,FellatioDrunk,1,S3_02801.ogg,S3_101151.ogg,,
Yandere,FellatioDrunk,1,S3_02802.ogg,S3_101152.ogg,,
Yandere,FellatioDrunk,1,S3_adult_54356.ogg,S3_adult_54444.ogg,,
Yandere,FellatioDrunk,1,S3_adult_54357.ogg,S3_adult_54445.ogg,,
Yandere,FellatioDrunk,2,S3_02803.ogg,S3_101153.ogg,,
Yandere,FellatioDrunk,2,S3_02804.ogg,S3_101154.ogg,,
Yandere,FellatioDrunk,2,S3_adult_54358.ogg,S3_adult_54446.ogg,,
Yandere,FellatioDrunk,2,S3_adult_54359.ogg,S3_adult_54447.ogg,,
Yandere,FellatioDrunk,3,S3_02805.ogg,S3_101155.ogg,,
Yandere,FellatioDrunk,3,S3_02806.ogg,S3_101156.ogg,,
Yandere,FellatioDrunk,3,S3_adult_54360.ogg,S3_adult_54448.ogg,,
Yandere,FellatioDrunk,3,S3_adult_54361.ogg,S3_adult_54449.ogg,,
Yandere,Waiting,0,S3_02767.ogg,S3_101133.ogg,,
Yandere,Waiting,0,S3_02768.ogg,S3_101134.ogg,,
Yandere,Waiting,1,S3_02769.ogg,S3_101135.ogg,,
Yandere,Waiting,1,S3_02770.ogg,S3_101136.ogg,,
Yandere,Waiting,2,S3_02771.ogg,S3_101137.ogg,,
Yandere,Waiting,2,S3_02772.ogg,S3_101138.ogg,,
Yandere,Waiting,3,S3_02773.ogg,S3_101139.ogg,,
Yandere,Waiting,3,S3_02774.ogg,S3_101140.ogg,,
Yandere,FellatioBitch,0,S3_pink_58977.ogg,S3_pink_59076.ogg,,
Yandere,FellatioBitch,0,S3_pink_58978.ogg,S3_pink_59077.ogg,,
Yandere,FellatioBitch,0,S3_pink_58979.ogg,S3_pink_59078.ogg,,
Yandere,FellatioBitch,0,S3_pink_58980.ogg,S3_pink_59079.ogg,,
Yandere,FellatioBitch,1,S3_pink_58981.ogg,S3_pink_59080.ogg,,
Yandere,FellatioBitch,1,S3_pink_58982.ogg,S3_pink_59081.ogg,,
Yandere,FellatioBitch,1,S3_pink_58983.ogg,S3_pink_59082.ogg,,
Yandere,FellatioBitch,1,S3_pink_58984.ogg,S3_pink_59083.ogg,,
Yandere,FellatioBitch,2,S3_pink_58985.ogg,S3_pink_59084.ogg,,
Yandere,FellatioBitch,2,S3_pink_58986.ogg,S3_pink_59085.ogg,,
Yandere,FellatioBitch,2,S3_pink_58987.ogg,S3_pink_59086.ogg,,
Yandere,FellatioBitch,2,S3_pink_58988.ogg,S3_pink_59087.ogg,,
Yandere,FellatioBitch,3,S3_pink_58989.ogg,S3_pink_59088.ogg,,
Yandere,FellatioBitch,3,S3_pink_58990.ogg,S3_pink_59089.ogg,,
Yandere,FellatioBitch,3,S3_pink_58991.ogg,S3_pink_59090.ogg,,
Yandere,FellatioBitch,3,S3_pink_58992.ogg,S3_pink_59091.ogg,,
Yandere,LickJobBitch,0,S3_pink_58961.ogg,S3_pink_59060.ogg,,
Yandere,LickJobBitch,0,S3_pink_58962.ogg,S3_pink_59061.ogg,,
Yandere,LickJobBitch,1,S3_pink_58963.ogg,S3_pink_59062.ogg,,
Yandere,LickJobBitch,1,S3_pink_58964.ogg,S3_pink_59063.ogg,,
Yandere,LickJobBitch,2,S3_pink_58965.ogg,S3_pink_59068.ogg,,
Yandere,LickJobBitch,2,S3_pink_58966.ogg,S3_pink_59069.ogg,,
Yandere,LickJobBitch,3,S3_pink_58967.ogg,S3_pink_59072.ogg,,
Yandere,LickJobBitch,3,S3_pink_58968.ogg,S3_pink_59073.ogg,,
Yandere,PistonBitch,0,S3_pink_58993.ogg,S3_pink_59092.ogg,,
Yandere,PistonBitch,0,S3_pink_58994.ogg,S3_pink_59093.ogg,,
Yandere,PistonBitch,0,S3_pink_58995.ogg,S3_pink_59094.ogg,,
Yandere,PistonBitch,0,S3_pink_58996.ogg,S3_pink_59095.ogg,,
Yandere,PistonBitch,1,S3_pink_58997.ogg,S3_pink_59096.ogg,,
Yandere,PistonBitch,1,S3_pink_58998.ogg,S3_pink_59097.ogg,,
Yandere,PistonBitch,1,S3_pink_58999.ogg,S3_pink_59098.ogg,,
Yandere,PistonBitch,1,S3_pink_59000.ogg,S3_pink_59099.ogg,,
Yandere,PistonBitch,2,S3_pink_59001.ogg,S3_pink_59100.ogg,,
Yandere,PistonBitch,2,S3_pink_59002.ogg,S3_pink_59101.ogg,,
Yandere,PistonBitch,2,S3_pink_59003.ogg,S3_pink_59102.ogg,,
Yandere,PistonBitch,2,S3_pink_59004.ogg,S3_pink_59103.ogg,,
Yandere,PistonBitch,3,S3_pink_59005.ogg,S3_pink_59104.ogg,,
Yandere,PistonBitch,3,S3_pink_59006.ogg,S3_pink_59105.ogg,,
Yandere,PistonBitch,3,S3_pink_59007.ogg,S3_pink_59106.ogg,,
Yandere,PistonBitch,3,S3_pink_59008.ogg,S3_pink_59107.ogg,,
Yandere,KissBitch,0,S3_pink_58945.ogg,S3_pink_59044.ogg,,
Yandere,KissBitch,0,S3_pink_58946.ogg,S3_pink_59045.ogg,,
Yandere,KissBitch,0,S3_pink_58947.ogg,S3_pink_59046.ogg,,
Yandere,KissBitch,0,S3_pink_58948.ogg,S3_pink_59047.ogg,,
Yandere,KissBitch,1,S3_pink_58949.ogg,S3_pink_59048.ogg,,
Yandere,KissBitch,1,S3_pink_58950.ogg,S3_pink_59049.ogg,,
Yandere,KissBitch,1,S3_pink_58951.ogg,S3_pink_59050.ogg,,
Yandere,KissBitch,1,S3_pink_58952.ogg,S3_pink_59051.ogg,,
Yandere,KissBitch,2,S3_pink_58953.ogg,S3_pink_59052.ogg,,
Yandere,KissBitch,2,S3_pink_58954.ogg,S3_pink_59053.ogg,,
Yandere,KissBitch,2,S3_pink_58955.ogg,S3_pink_59054.ogg,,
Yandere,KissBitch,2,S3_pink_58956.ogg,S3_pink_59055.ogg,,
Yandere,KissBitch,3,S3_pink_58957.ogg,S3_pink_59056.ogg,,
Yandere,KissBitch,3,S3_pink_58958.ogg,S3_pink_59057.ogg,,
Yandere,KissBitch,3,S3_pink_58959.ogg,S3_pink_59058.ogg,,
Yandere,KissBitch,3,S3_pink_58960.ogg,S3_pink_59059.ogg,,
Yandere,WaitingBitch,0,S3_pink_59009.ogg,S3_pink_59009.ogg,,
Yandere,WaitingBitch,0,S3_pink_59010.ogg,S3_pink_59010.ogg,,
Yandere,WaitingBitch,0,S3_pink_59011.ogg,S3_pink_59011.ogg,,
Yandere,WaitingBitch,0,S3_pink_59012.ogg,S3_pink_59012.ogg,,
Yandere,WaitingBitch,1,S3_pink_59013.ogg,S3_pink_59013.ogg,,
Yandere,WaitingBitch,1,S3_pink_59014.ogg,S3_pink_59014.ogg,,
Yandere,WaitingBitch,1,S3_pink_59015.ogg,S3_pink_59015.ogg,,
Yandere,WaitingBitch,1,S3_pink_59016.ogg,S3_pink_59016.ogg,,
Yandere,WaitingBitch,2,S3_pink_59017.ogg,S3_pink_59017.ogg,,
Yandere,WaitingBitch,2,S3_pink_59018.ogg,S3_pink_59018.ogg,,
Yandere,WaitingBitch,2,S3_pink_59019.ogg,S3_pink_59019.ogg,,
Yandere,WaitingBitch,2,S3_pink_59020.ogg,S3_pink_59020.ogg,,
Yandere,WaitingBitch,3,S3_pink_59021.ogg,S3_pink_59021.ogg,,
Yandere,WaitingBitch,3,S3_pink_59022.ogg,S3_pink_59022.ogg,,
Yandere,WaitingBitch,3,S3_pink_59023.ogg,S3_pink_59023.ogg,,
Yandere,WaitingBitch,3,S3_pink_59024.ogg,S3_pink_59024.ogg,,
Yandere,PistonOho,0,S3_BL_55354.ogg,S3_BL_55381.ogg,,
Yandere,PistonOho,0,S3_BL_55355.ogg,S3_BL_55382.ogg,,
Yandere,PistonOho,1,S3_BL_55356.ogg,S3_BL_55383.ogg,,
Yandere,PistonOho,1,S3_BL_55357.ogg,S3_BL_55384.ogg,,
Yandere,PistonOho,2,S3_BL_55358.ogg,S3_BL_55385.ogg,,
Yandere,PistonOho,2,S3_BL_55359.ogg,S3_BL_55386.ogg,,
Yandere,PistonOho,3,S3_BL_55360.ogg,S3_BL_55387.ogg,,
Yandere,PistonOho,3,S3_BL_55361.ogg,S3_BL_55388.ogg,,
Yandere,KissOho,0,S3_BL_55346.ogg,S3_BL_55373.ogg,,
Yandere,KissOho,0,S3_BL_55347.ogg,S3_BL_55374.ogg,,
Yandere,KissOho,1,S3_BL_55348.ogg,S3_BL_55375.ogg,,
Yandere,KissOho,1,S3_BL_55349.ogg,S3_BL_55376.ogg,,
Yandere,KissOho,2,S3_BL_55350.ogg,S3_BL_55377.ogg,,
Yandere,KissOho,2,S3_BL_55351.ogg,S3_BL_55378.ogg,,
Yandere,KissOho,3,S3_BL_55352.ogg,S3_BL_55379.ogg,,
Yandere,KissOho,3,S3_BL_55353.ogg,S3_BL_55380.ogg,,
Yandere,WaitingOho,0,S3_BL_55362.ogg,S3_BL_55389.ogg,,
Yandere,WaitingOho,0,S3_BL_55363.ogg,S3_BL_55390.ogg,,
Yandere,WaitingOho,1,S3_BL_55364.ogg,S3_BL_55391.ogg,,
Yandere,WaitingOho,1,S3_BL_55365.ogg,S3_BL_55392.ogg,,
Yandere,WaitingOho,2,S3_BL_55366.ogg,S3_BL_55393.ogg,,
Yandere,WaitingOho,2,S3_BL_55367.ogg,S3_BL_55394.ogg,,
Yandere,WaitingOho,3,S3_BL_55368.ogg,S3_BL_55395.ogg,,
Yandere,WaitingOho,3,S3_BL_55369.ogg,S3_BL_55396.ogg,,
